Arrdt,Numéro,Nom,Mise en service
75001,1011,Rambuteau / Jour,10/11/2013
75001,1041,Quai Orfèvres / Harley,12/15/2017
75001,1049,Halles / Ferronnerie,11/08/2018
75001,1051,St Denis / Rivoli,07/08/2016
75001,1053,Joachim du Bellay / Toiture Citadines,10/19/2016
75001,1055,Rambuteau / Montmartre,03/10/2017
75001,1056,Montorgueil / Turbigo,03/10/2017
75001,1057,Quai F. Mitterrand / Amiral Coligny,06/08/2018
75001,1065,Jardins / Canopée nord-ouest / 132 Rambuteau,03/02/2017
75001,1066,Jardins / Allée nord / St Eustache,01/27/2017
75001,1067,Jardins / Prairie ouest,03/02/2017
75001,1069,Jardins / Allée nord-ouest / Rambuteau,01/27/2017
75001,1071,Canopée sud-ouest,03/02/2017
75001,10439,Pierre Lescot / Berger,03/23/2012
75001,10642,Rivoli / Bourdonnais,12/14/2012
75001,11011,Porte Berger,01/21/2013
75001,11498,Bd Sébastopol / Rambuteau,02/03/2012
75001,11522,Quai des Tuileries - Pont Solférino,10/10/2014
75001,16739,Place Vendôme Nord,11/02/2012
75001,16819,Opéra / Pyramides / Thérèse / Ventadour,07/06/2012
75001,16887,Pont Neuf / Mégisserie,12/21/2011
75001,21868,Palais Royal / Rivoli,12/21/2011
75001,23987,Rue de la Paix / Danielle Casanova,11/02/2012
75001,29222,Place Joachim du Bellay / Saint Denis / Innocents,01/27/2012
75001,30950,Place du Chatelet / Pont au Change / Quai de la Mégisserie,01/20/2012
75001,34698,Turbigo / Etienne Marcel,01/27/2012
75001,35346,Valois / Colonel Driant,06/08/2012
75001,35388,Place André Malraux / Avenue de l'Opéra,01/25/2013
75001,42234,Place Joachim du Bellay / Pierre Lescot / Berger,11/09/2012
75001,43353,Palais Royal / Saint Honoré,01/27/2012
75001,44373,Rivoli / Echelle,06/08/2012
75001,44805,Rivoli / 29 juillet,06/08/2012
75001,46685,Lemonnier / Rivoli,01/20/2012
75001,50256,Viarmes / Adolphe Jullien,06/08/2012
75001,51066,Concorde / Rivoli,01/11/2013
75001,57222,Castiglione / Saint Honoré,09/07/2012
75001,58791,Place Joachim du Bellay / Innoccents,03/09/2012
75001,60777,Place Maurice Barrès / Saint Honoré / Cambon,09/21/2012
75001,67140,Rivoli / Marengo,06/08/2012
75001,67865,Louvre / Coquillière,05/04/2012
75001,70744,Place Maurice Quentin / Rue du Pont Neuf,05/04/2012
75001,74254,Saint Denis / Cygne,02/24/2012
75001,77747,Place Joachim du Bellay / Berger / Saint Denis,02/03/2012
75001,79769,Croix des Petits Champs / La Vrillière,05/04/2012
75001,79777,Place du Carrousel / Pyramide du Louvre,02/22/2013
75001,79901,Rivoli / Castiglione,05/25/2012
75001,81411,Place du Chatelet / Avenue Victoria,12/21/2011
75001,82064,Bd Sébastopol / Reynie,02/17/2012
75001,82655,Pierre Lescot / Cossonnerie,03/02/2012
75001,88364,Pont Neuf - Amont,05/22/2015
75001,89978,Pont de la Concorde - Amont,03/01/2013
75001,92689,Pont de la Concorde - Aval,03/01/2013
75001,99000,Quai François Mitterrand / Pont du Carrousel,03/01/2013
75001,99375,Pont Neuf - Aval,05/22/2015
75002,2006,Bd Capucines / Scribe,Début 2019
75002,2033,Lune / Notre-Dame Bonne Nouvelle,11/25/2016
75002,12927,Saint Denis / Greneta,07/06/2012
75002,15493,Bd Capucines / Caumartin,04/13/2012
75002,15991,Rue Saint Denis / Rue Sainte Apolline,09/21/2012
75002,17326,Opéra / d'Antin,10/12/2012
75002,18870,Réaumur / Saint Denis,12/21/2011
75002,20941,Place de la Bource / Vivienne / Feydau,02/24/2012
75002,22579,Bd Sébastopol / Réaumur,07/20/2012
75002,23076,Place de la Bourse / Réaumur / Notre-Dame des Victoires,08/01/2014
75002,26709,Bd Italiens / Gramont,06/08/2012
75002,29697,Bd Haussmann / Drouot / Richelieu / Bd Montmartre,04/13/2012
75002,31706,Place de la Bourse / 4 septembre / Vivienne,12/21/2011
75002,40753,Paix / Daunou,03/30/2012
75002,62793,Quatre septembre / Monsigny / Choiseul,01/27/2012
75002,67171,"19, Bd Poissonnière",05/04/2012
75002,70766,Bd Italiens / Michodière,08/03/2012
75002,72618,Bd Poissonnière / Rue Poissonnière,10/26/2012
75002,72782,Sainte Anne / Petits Champs,06/02/2014
75002,72870,Petits Champs / Radziwill / La Vrillière,03/09/2012
75002,78022,Réaumur / Petits Carreaux,01/18/2013
75002,88097,Bd Montmartre / Rue Montmartre,03/09/2012
75002,89465,Opéra / Danielle Casanova / Petits Champs / Saint Roch,10/12/2012
75002,89516,Bd Italiens / Le Peletier / Favart,04/13/2012
75002,91229,Bd Sébastopol / Bd Saint Denis,06/22/2012
75002,93299,Louvre / Montmartre / Mail / Cléry,09/07/2012
75002,96475,Bd Montmartre / Vivienne,06/22/2012
75003,3033,Montgolfier / Borda,07/28/2016
75003,3036,Temple / Michel le Comte,07/29/2016
75003,3040,Vieille du Temple / Perle,07/08/2016
75003,14591,Saint Martin / Papin,02/22/2013
75003,18247,Francs Bourgeois / Turenne,04/13/2012
75003,23535,Rambuteau / Temple,01/13/2012
75003,27377,Turbigo / Fontaines du Temple,05/18/2012
75003,27643,Place de la République / Bd Temple,09/14/2012
75003,29963,Beaumarchais / Saint Sébastien,08/17/2012
75003,36697,Réaumur / Turbigo,01/20/2012
75003,40244,Bd Sébastopol / Turbigo,05/25/2012
75003,45415,Place Pasdeloup / Bd Filles du Calvaire / Rue des Filles du Calvaire,07/06/2012
75003,54318,Eugène Spuller / Perrée,06/29/2012
75003,55744,"9, place de la République",09/28/2012
75003,56119,Franche Comté / Picardie,06/29/2012
75003,57802,"20, rue Notre-Dame de Nazareth",03/23/2012
75003,64258,Vaucanson / Vertbois,05/18/2012
75003,71418,Réaumur / Saint Martin,06/15/2012
75003,74979,Bd Sébastopol / Bd Saint Martin / Bd Saint Denis,06/15/2012
75003,76984,Réaumur / Temple / Bretagne,06/29/2012
75003,77904,Bretagne / Turenne / Vieille du Temple / Froissart,05/08/2015
75003,79973,Bd Beaumarchais / Pas-de-la-Mule,09/14/2012
75003,84550,Place de la République / Rue du Temple,10/12/2012
75003,84809,Archives / Rambuteau,01/13/2012
75003,84854,Turbigo / Temple,04/27/2012
75003,86717,Bd Beaumarchais / Arquebusiers / Saint Sabin,09/14/2012
75003,92031,Turbigo / Vertbois,01/18/2013
75004,4003,Cité / Parvis Notre-Dame,11/20/2017
75004,4051,Francs Bourgeois / Vieille du Temple,11/24/2016
75004,4058,Sully / Henri IV,07/08/2016
75004,4059,Bd Bourdon / Bassompierre,05/11/2017
75004,11218,Beaubourg / Rambuteau,12/21/2011
75004,14314,Port Hotel de Ville,10/24/2014
75004,14914,Port des Célestins,09/19/2014
75004,15518,Rivoli / Saint Martin,12/21/2011
75004,15674,Place du parvis de Notre-Dame / Pont au Double,02/17/2012
75004,17774,Brisemiche / Cloître Saint Merri,06/08/2012
75004,19726,Saint Antoine / Sévigné,02/03/2012
75004,24684,Place Baudoyer / François Miron,04/27/2012
75004,25230,Quai Henri IV / Pont de Sully,03/01/2013
75004,27843,Pont Saint Louis / Jean du Bellay / Saint Louis en l'Ile,01/13/2012
75004,29297,Place Hôtel de Ville / Victoria,02/03/2012
75004,29770,Quai de Gesvres / Saint Martin / Pont Notre Dame,12/21/2011
75004,31606,Victoria / Coutellerie,12/21/2011
75004,35777,Rivoli / rue du Pont Louis Philippe / Vieille du Temple,04/20/2012
75004,37825,"Place Georges Pompidou / 141, rue Saint Martin",11/16/2012
75004,38824,Quai Archevéché / Pont Saint Louis,06/29/2012
75004,39504,Bd Henri IV / Castex,07/06/2012
75004,42301,Charlemagne / Jardins Saint Paul,05/04/2012
75004,42910,Quai Hôtel de Ville / Pont Louis Philippe / rue du pont Louis Philippe,11/09/2012
75004,43699,Place du marché Sainte Catherine,05/25/2012
75004,45070,"Place Saint Gervais / 17, rue Lobau",04/27/2012
75004,47437,Renard / Verrerie,06/08/2012
75004,48238,Quai de l'Archevêché / Pont de l'Archevêché,10/26/2012
75004,51128,Rosiers / Ferdinand Duval,03/09/2012
75004,51827,Rue de la Cité / Quai de Marché Neuf,11/16/2012
75004,56633,Pavée / Roi de Sicile,01/20/2012
75004,57088,Ile Saint Louis - Pointe amont,07/27/2012
75004,59063,Quai Hôtel de Ville / Pont d'Arcole,06/22/2012
75004,60044,Charlemagne / Nonnains d'Hyères / Jouy / Fourcy,03/23/2012
75004,65260,Place de la Bastille / Bd Beaumarchais,06/29/2012
75004,65370,Hôtel de Ville,08/03/2012
75004,66378,Rosiers / Vieille du Temple,03/09/2012
75004,66461,Quai des Célestins / Pont Marie / Nonnains d'Hyères,07/06/2012
75004,67079,Rivoli / Bd Sébastopol,04/27/2012
75004,67266,Place du Parvis de Notre Dame / rue d'Arcole,02/10/2012
75004,68710,Bd du Palais / Quai des Orfèvres,03/16/2012
75004,71698,Place Georges Pompidou / Saint Martin / Aubry le Boucher,10/19/2012
75004,74952,"14, place des Vosges",02/24/2012
75004,79965,Bd Bourdon / Bd Morland,01/09/2012
75004,82723,Place Louis Lépine / Abords Cité,11/16/2012
75004,83818,"18, Bd Morland",03/01/2013
75004,84795,Rivoli / Lobau,03/30/2012
75004,85333,Geoffroy l'Asnier / Justes de France,04/13/2012
75004,93031,Quai de la Corse / Pont Notre Dame,06/22/2012
75004,94871,Pont Saint Louis - Aval,06/29/2012
75004,95558,Pas-de-la-Mule / Tournelles,04/27/2012
75004,96036,Saint Antoine / Petit Musc,12/21/2011
75004,96299,Pont Marie - Amont,07/27/2012
75004,97572,Rosiers / Ecouffes,03/09/2012
75004,99492,Pont d'Arcole - Amont,10/26/2012
75004,29297B,Place Hôtel de Ville / Victoria (Bis),02/03/2012
75004,67266B,Place du Parvis de Notre Dame / rue d'Arcole (Bis),03/09/2012
75005,5013,Place Alphonse Laveran / Rue Saint-Jacques,03/23/2017
75005,5022,Port de la Tournelle,Début 2019
75005,5051,Lagrange / Fouarre,12/21/2016
75005,5052,Montagne Ste Genneviève / Descartes,07/10/2018
75005,5053,St Jacques / Soufflot,05/16/2018
75005,5054,Poliveau / Geoffroy St Hilaire,07/22/2016
75005,5055,Claude Bernard / Valence,12/18/2017
75005,5056,Claude Bernard / Bazeilles,06/28/2018
75005,5057,Claude Bernard / Vauquelin,09/21/2016
75005,5058,Pierre Nicole / Val de Grâce,09/30/2016
75005,5060,Port St Bernard,Début 2019
75005,12312,Place de la Contrescarpe / Mouffetard / Blainville,10/19/2012
75005,13146,Jussieu / Fossés Saint Bernard,03/08/2013
75005,15242,Place Maubert / Bd Saint Germain,02/03/2012
75005,20669,Bd Saint Germain / Quai Tournelle,04/13/2012
75005,23250,Ulm / Erasme,06/01/2012
75005,26800,Monge / Bernardins,12/21/2011
75005,33168,Monge / Cardinal Lemoine,12/21/2011
75005,35784,Monge / Ecoles,01/13/2012
75005,38623,Place de la Sorbonne / Bd Saint Michel / Vaugirard,02/03/2012
75005,39271,Place Edmond Rostand / Bd Saint Michel / Soufflot,01/27/2012
75005,43043,Huchette / Harpe,01/18/2013
75005,45866,Place Saint Médard / Mouffetard / Censier / Bazeilles,01/13/2012
75005,48902,Square Tino Rossi,01/18/2013
75005,50044,Mouffetard / Epée de Bois,05/18/2012
75005,50581,Linné / Boulangers,02/03/2012
75005,50850,Saint Jacques / Ecoles,12/21/2011
75005,51005,Quai Saint Bernard / Cuvier,07/06/2012
75005,53322,Bd Saint Germain / Saint Jacques,12/21/2012
75005,53494,Descartes / Clovis,01/13/2012
75005,53679,Place Louis Marin / Bd Saint Michel / Auguste Comte / Abbé de l'Epée,09/28/2012
75005,53982,Cardinal Lemoine / Ecoles,03/08/2013
75005,54992,Quai de la Tournelle / Pont de Sully,04/20/2012
75005,58021,Quai Saint Bernard / Square Tino Rossi,07/06/2012
75005,61991,Bd Saint Michel / Bd Saint Germain,06/15/2012
75005,62140,Fossés Saint Bernard / Chantiers,12/21/2011
75005,62185,Rue Saint Jacques / Gay Lussac,12/21/2011
75005,63441,"81, Bd de Port-Royal / Val de Grâce",06/15/2012
75005,65348,Quai Montebello / Petit Pont,02/01/2013
75005,65680,Place du Panthéon/ Clotaire,12/21/2011
75005,67726,Place du Puits de l'Ermite / Quatrefages,12/21/2011
75005,69567,Pont Saint Michel / Quai des Grands Augustins,03/29/2013
75005,73849,Galande / Saint Julien le Pauvre,05/25/2012
75005,76722,Monge / Larrey,02/10/2012
75005,78605,Jussieu / Cuvier,12/21/2011
75005,79793,Saint Victor / Pontoise,12/21/2011
75005,80737,Place du Panthéon / Place Sainte Genneviève / Clotilde / Clovis,04/20/2012
75005,85724,Square Paul Painlevé / Ecoles / Sorbonne,12/21/2011
75005,89248,Cujas / Victor Cousin,12/21/2011
75005,92343,Quai de laTournelle / Bernardins,12/21/2011
75005,93342,"8, rue de Santeuil",02/10/2012
75005,95510,Pont de l'Archevêché - Amont,10/26/2012
75005,96233,Pont Saint Michel - Aval,03/29/2013
75005,96546,Monge / Censier / Candolle / Saint Médard,02/24/2012
75005,98521,Geoffroy Saint Hilaire / Daubenton,12/21/2011
75005,99977,Saint Jacques / Cujas,12/21/2011
75005,62140B,Fossés Saint Bernard / Chantiers,12/21/2011
75005,67726B,Place du Puits de l'Ermite / Quatrefages,12/21/2011
75006,6034,Auguste Comte / Observatoire,09/09/2016
75006,6036,Danton / Eperon,10/05/2018
75006,6037,Buci / Ancienne Comédie,09/20/2018
75006,10124,Rennes / Vaugirard,05/18/2012
75006,11093,Place Jean-Paul Sartre - Simone de Beauvoir / Place du Québec,03/30/2012
75006,11106,Bd Saint Michel / Serpente,10/19/2012
75006,13067,Bd Raspail / Rennes,05/18/2012
75006,16543,Paul Claudel / Rotrou,05/08/2015
75006,23489,Bd Saint Germain / Ecole de Médecine,02/10/2012
75006,26704,Rennes / Assas,09/21/2012
75006,27767,Quai Conti  / Dauphine,01/20/2012
75006,27809,Place d'Acadie / Bd Saint Germain / Buci / Four,05/25/2012
75006,29482,Assas / Auguste Comte,08/24/2012
75006,30386,Vaugirard / Bonaparte,12/21/2011
75006,30579,Place Michel Debré / Dragon / Four,03/23/2012
75006,31195,Quai Conti / Pont Neuf,02/17/2012
75006,35348,Bd Saint Michel / Racine / Ecoles,06/08/2012
75006,41562,Bd Montparnasse / Bd Raspail,05/25/2012
75006,43190,Bd Raspail / Sèvres / Babylone,03/23/2012
75006,43920,Saint Sulpice / Garancière,01/20/2012
75006,57429,Place Henri Mondor / Bd Saint Germain / Odéon,03/30/2012
75006,61344,Place de l'Institut / Quai Malaquais,05/25/2012
75006,62619,Place du Québec / Bd Saint Germain / Rennes,03/09/2012
75006,63215,Place Saint Michel / Saint André des Arts / Danton,12/21/2011
75006,64061,Bd Raspail / Vaugirard,06/15/2012
75006,64111,Monsieur le Prince / Racine,02/17/2012
75006,69103,Place du 18 juin 1940,02/24/2012
75006,74824,Saint Pères / Perronet,05/25/2012
75006,77910,Saint Sulpice / Tournon,06/08/2012
75006,82624,Bd Saint Germain / Bd Saint Michel,06/15/2012
75006,86313,Quai Malaquais / Bonaparte,12/21/2011
75006,86611,Vaugirard / Assas,01/13/2012
75006,91297,Place Michel Debré / Vieux Colombier / Cherche Midi,05/18/2012
75006,93838,Rennes / Four,05/11/2012
75006,94309,"61, rue Assas",02/10/2012
75006,96356,Pont des Arts - Amont,12/21/2012
75006,98526,Place Saint Sulpice / Bonaparte / Vieux Colombier,12/21/2011
75007,7001,Place Fontenoy / Ecole Militaire,Début 2019
75007,7002,Place Fontenoy / d'Estrée,01/03/2017
75007,7016,Varenne / Vaneau,03/14/2017
75007,7075,Sèvres / Récamier,03/15/2018
75007,7080,Orsay / Robert Esnault Pelterie,05/27/2016
75007,7082,Quai Branly / Bourdonnais,10/02/2017
75007,7083,Champ de Mars / Ecole militaire,08/23/2018
75007,7084,Université / Franco-Russe,09/11/2017
75007,7087,Grenelle / Square La Tour-Maubourg,09/07/2017
75007,7089,Charles Risler / Pierre Loti,05/27/2016
75007,7090,Dr Brouardel / Thomy Thierry,05/27/2016
75007,7091,Champfleury / Charles Floquet,11/06/2017
75007,7092,Grenelle / Sts Pères,09/19/2018
75007,10583,Tour Eiffel - Pilier Est,06/15/2012
75007,11264,Ségur / Suffren,04/06/2012
75007,11361,Place Saint Thomas d'Aquin / rue Saint Thomas d'Aquin,02/24/2012
75007,12509,Place René Char / Bd Saint Germain / Bd Raspail,03/23/2012
75007,13455,Place Joffre / Ecole Militaire / Champs de Mars,11/02/2012
75007,14157,Saint Dominique / Cler,11/16/2012
75007,17103,Quai Branly / Suffren,06/15/2012
75007,17567,Saxe / Breteuil,02/03/2012
75007,18769,Place André Tardieu / Bd Invalides / Villars,02/24/2012
75007,19899,Tour Eiffel - Pilier Ouest,12/21/2011
75007,20276,Bd Invalides / Duroc,09/21/2012
75007,21909,Bd La Tour-Maubourg / Université,06/14/2013
75007,22580,Babylone - Barbet de Jouy,05/25/2012
75007,23371,"Port Solférino, niveau Musée Légion d'Honneur",07/26/2013
75007,28398,Bd La Tour-Maubourg / Tourville,02/03/2012
75007,29075,"Port Invalides, aval pont Alexandre III",12/13/2013
75007,29504,Bd Saint Germain / Bellechasse,01/27/2012
75007,30736,Bac / Sèvres / Saint Placide,03/23/2012
75007,31779,Grenelle / Bellechasse,03/23/2012
75007,33167,Saints Pères / Lille,02/24/2012
75007,33282,Maréchal Galliéni / Université,04/27/2012
75007,34479,Charles Floquet / Général Détrié,07/20/2012
75007,36804,Place Jacques Rueff,09/21/2012
75007,37705,"23, rue de Babylone",09/07/2012
75007,38775,Place de la Résistance / Pont Alma / Quai Branly / Quai d'Orsay,12/21/2011
75007,38933,Lille / Bellechasse,05/04/2012
75007,39480,Bd Raspail / Varenne,07/27/2012
75007,39764,Bd La Tour-Maubourg / Motte Piquet,06/08/2012
75007,39930,Saints Pères / Jacob / Université,02/17/2012
75007,39992,Quai Branly / Pont d'Iéna,02/10/2012
75007,46990,Quai d'Orsay / Pont Alexandre III,09/21/2012
75007,49553,Tour Eiffel - Pilier Nord,12/21/2011
75007,51211,Bd Raspail / Varenne,07/27/2012
75007,52217,Suffren / Joseph Bouvard,01/13/2012
75007,52733,Assemblée Nationale,08/17/2012
75007,53718,Place général Gouraud / Bourdonnais / Rapp / Saint Dominique,09/21/2012
75007,54776,"Port Gros Caillou, aval pont Invalides",07/26/2013
75007,55428,Place Vauban / Ségur,02/17/2012
75007,55440,Las Case / Casimir Perrier,01/27/2012
75007,56074,Place Jacques Rueff,09/21/2012
75007,56154,Place Vauban / Villars,02/10/2012
75007,56538,Grenelle / Comète,12/21/2011
75007,56623,Bd Invalides / Grenelle / Talleyrand,05/25/2012
75007,58390,Motte Picquet / Cler,04/27/2012
75007,58617,Bd Invalides / Grenelle / Talleyrand,04/20/2012
75007,59027,Bosquet / Champ de Mars,05/11/2012
75007,59293,Emile Deschanel / Belgrade,01/20/2012
75007,59729,Bac / Varenne,07/27/2012
75007,60073,"Port Invalides, aval Concorde",07/26/2013
75007,60800,Bd Invalides / Varenne,07/13/2012
75007,61705,Place de l'Ecole Militaire / Motte Piquet / Duquesne,02/03/2012
75007,63877,"Port Bourdonnais, aval pont Alma",07/26/2013
75007,65614,Duquesne / Eblé / Masseran,09/21/2012
75007,65857,Bosquet / Grenelle,06/01/2012
75007,66070,"Port Solférino, niveau Musée d'Orsay",07/26/2013
75007,69064,Bd Invalides / Tourville,05/11/2012
75007,69116,Place René Char / Bd Saint Germain / Bd Raspail,03/09/2012
75007,69121,Université / Constantine,03/16/2012
75007,69173,Place Pierre Laroque / Duquesne / Ségur,02/03/2012
75007,71064,Quai Anatole France / Pont Royal,10/12/2012
75007,71658,Place Joffre / Champ de Mars,01/27/2012
75007,72958,Quai Anatole France / Pont de la Concorde,05/04/2012
75007,75099,Saxe / Breteuil,01/27/2012
75007,75710,Bd Saint Germain / Solférino,04/27/2012
75007,76202,Quai Branly,07/20/2012
75007,77782,Quai Branly,10/19/2012
75007,78263,Quai Anatole France / Légion d'Honneur,05/04/2012
75007,78472,"Port Solférino, niveau 23 quai Anatole France",07/26/2013
75007,78678,Octave Gréard / Refuzniks / Gustave Eiffel,06/15/2012
75007,79336,Bd Saint Germain / Université,07/27/2012
75007,83731,Place du Palais Bourbon,03/30/2012
75007,83784,Quai Branly / Passerelle Débilly,01/13/2012
75007,84190,Sèvres / Vanneau,07/26/2013
75007,85482,Ségur / Suffren,04/06/2012
75007,86183,Saint Dominique / Amélie,11/16/2012
75007,86298,Tour Eiffel - Pilier Sud,07/06/2012
75007,86874,"Port Invalides, amont pont Alexandre III",12/13/2013
75007,87406,Quai Voltaire / Pont du Carrousel,05/25/2012
75007,89776,Port du Gros Caillou / Voie expresse sortie Alma,03/22/2013
75007,90890,Pont des Invalides - Amont,07/20/2012
75007,93957,Place Vauban / Breteuil,04/27/2012
75007,96815,Place Pierre Laroque / Duquesne / Ségur,05/18/2012
75007,97187,Pont Royal - Amont,10/12/2012
75007,83731B,Place du Palais Bourbon / Université,04/06/2012
75007,86298B,Tour Eiffel - Pilier Sud - PJ,06/15/2012
75008,8002,Montaigne contre-allée sud,11/22/2017
75008,8003,Montaigne contre-allée nord,01/18/2018
75008,8007,"29, Faubourg Saint Honoré",04/21/2017
75008,8009,Champs-Elysées / Marigny,10/31/2018
75008,8021,George V / La Tremoille,11/20/2017
75008,8028,Place Rio de Janeiro,02/20/2017
75008,8071,Gabriel / Matignon / Ponthieu,12/26/2017
75008,8096,Concorde / Gabriel - PJ,07/13/2018
75008,8102,Rocher / Laborde / Joseph Sansboeuf,09/06/2018
75008,8105,Miromesnil / Boëtie,03/03/2017
75008,8106,Fbg St Honoré / Colisée / Mermoz,02/21/2018
75008,8107,Matignon / Fbg St Honoré,04/07/2017
75008,8114,George V / François 1er,11/09/2017
75008,8115,George V / Pierre 1er de Serbie,01/20/2017
75008,8118,Marbeuf / George V,10/07/2016
75008,8119,François 1er / Marbeuf,11/13/2018
75008,8122,Montaigne / Boccador,02/20/2017
75008,8123,François 1er / Jean Goujon,02/20/2017
75008,8127,ZAC Beaujon – Fbg St Honoré / Laure Diebold,12/19/2017
75008,8128,Rocher / Monceau,10/06/2016
75008,8129,Montaigne / François 1er nord,03/23/2017
75008,8130,Montaigne / François 1er sud,02/16/2017
75008,8131,49 Av Montaigne,Début 2019
75008,8133,Montaigne / Bayard,10/01/2018
75008,8134,Montaigne / Clément Marot,11/20/2017
75008,8135,22 Av Montaigne,12/06/2017
75008,8137,5 Av Montaigne,11/20/2017
75008,8138,Montaigne / Reine Astrid,11/20/2017
75008,14075,"35, avenue de Wagram",06/01/2012
75008,14362,Place de la Concorde / Obélisque,12/14/2012
75008,14374,Cours la Reine / Winston Churchill,12/14/2012
75008,16526,Cours de la Reine / Franklin Roosevelt,12/21/2012
75008,18514,Bd Batignolles / Rome,02/03/2012
75008,19898,Place de Dublin / Saint Pétersbourg / Moscou,12/21/2011
75008,20103,Place des Ternes / Wagram,06/01/2012
75008,20308,Berri / Ponthieu,02/10/2012
75008,20956,Bd Haussmann / Messine,03/29/2013
75008,21989,Général Foy / Naples,12/21/2011
75008,22916,"5, rue Van Dyck",03/09/2012
75008,26821,Arc de Triomphe / Friedland,08/03/2012
75008,27113,Friedland / Balzac,07/06/2012
75008,31281,Rond-point des Champs-Elysées / Matignon,02/03/2012
75008,31609,Bd Malesherbes / Miromesnil,12/21/2011
75008,33371,Place de l'Alma,03/02/2012
75008,33613,Champs-Elysées / Galilée,01/20/2012
75008,37958,Royale / Saint Honoré,09/21/2012
75008,38142,Arc de Triomphe / Champs Elysées,08/03/2012
75008,39003,Ponthieu / Paul Baudry,08/24/2012
75008,40093,Général Foy / Naples,12/21/2011
75008,41361,Place de Clichy,10/25/2013
75008,44259,Place Gabriel Péri / Pépinière / Rome,01/27/2012
75008,45343,Place des Ternes / Bd de Courcelles,06/01/2012
75008,47380,Place Clémenceau / Champs Elysées / Marigny / Winston Churchill,04/27/2012
75008,48713,Place de la Madeleine / Bd Malesherbes,04/27/2012
75008,49225,Franklin D. Roosevelt / La Boétie,06/29/2012
75008,49454,Champs-Elysées / Lincoln,12/21/2011
75008,49576,Place de la Concorde / Cours de la Reine,02/24/2012
75008,50601,Rome / Stockolm,04/20/2012
75008,50968,Place Prosper Goubaux / Constantinople / Rocher,04/20/2012
75008,52904,Champs-Elysées,02/24/2012
75008,55647,Place Charles de Gaulle / Wagram,06/01/2012
75008,56522,Place Prosper Goubaux / Bd Batignolles / Villiers,01/27/2012
75008,56883,Champs-Elysées / Marbeuf,01/11/2012
75008,57233,Place de l'Alma,02/24/2012
75008,58978,La Boétie / d'Artois,09/21/2012
75008,59093,Champs-Elysées / Montaigne,01/20/2012
75008,61079,Saint Lazare / Amsterdam,06/22/2012
75008,61734,Rome / Cour de Rome,03/23/2012
75008,61880,Champs-Elysées / Colisée,01/27/2012
75008,62600,Place de l'Europe / Madrid / Londres / Liège / Vienne / Saint Petersbourg / Constantinople,05/04/2012
75008,63118,Amsterdam / Moscou / Liège,02/24/2012
75008,63259,Champs-Elysées / Balzac,12/21/2011
75008,64332,Saint Lazare / Havre,08/03/2012
75008,64811,Champs-Elysées / Pierre Charron,05/11/2012
75008,68828,Friedland / Bd Haussmann / Faubourg Saint Honoré / Washington / Monceau,07/06/2012
75008,69340,Place de la République Dominicaine / Bd de Courcelles / Prony / Phalsbourg,06/01/2012
75008,71625,Place Saint Augustin / Bd Malesherbes / Bd Haussmann / Pépinière,01/27/2012
75008,72520,Amsterdam / Londres / Athènes,06/22/2012
75008,72824,Place de la Concorde / Champs-Elysées,06/15/2012
75008,73532,Champs-Elysées / Georges V,02/03/2012
75008,76964,Concorde / Royale,09/07/2012
75008,77583,Madeleine / Royale,06/22/2012
75008,77702,Bd de Courcelles / rue de Courcelles,06/21/2013
75008,78928,Hoche / Faubourg Saint Honoré,07/06/2012
75008,79152,Place Charles de Gaulle / Champs-Elysées,08/03/2012
75008,79921,Arc de Triomphe / Wagram,08/03/2012
75008,83843,Marceau / Pierre 1er de Serbie,05/04/2012
75008,85742,Place de la Madeleine / Bd Madeleine,06/22/2012
75008,86086,Bd Malesherbes / Lisbonne,05/04/2012
75008,87273,Bd Haussmann / Courcelles,06/29/2012
75008,89055,Rond-point des Champs-Elysées / Montaigne,06/01/2012
75008,90317,Franklin D. Roosevelt / Ponthieu,01/13/2012
75008,91357,Place de la Madeleine / Tronchet / Sèze,04/20/2012
75008,94149,Place de la Concorde / Gabriel,06/29/2012
75008,96044,Champs-Elysées / Balzac,12/21/2011
75008,96909,Champs-Elysées / Tilsitt,05/18/2012
75008,97325,Place Charles de Gaulle / Publicis,10/05/2012
75008,97400,Wagram / Tilsitt,06/15/2012
75008,97502,Souterrain Cours la Reine,12/21/2012
75008,97602,Obélisque,12/21/2012
75008,98601,Bd Haussmann / Havre,05/25/2012
75008,99944,Faubourg Saint Honoré / La Boétie,06/29/2012
75009,9027,Rochechouard / Condorcet,Début 2019
75009,9059,Blanche / JB Pigalle,08/25/2016
75009,9060,La Rochefoucauld / Aumale,10/09/2017
75009,9062,La Bruyère / Notre-Dame de Lorette,11/25/2016
75009,10372,La Tour d'Auvergne / Milton,11/09/2012
75009,10756,Pierre Fontaine / Jean-Baptiste Pigalle,07/06/2012
75009,13257,Mayran / Rochembeau,01/11/2012
75009,15819,Bd de la Chapelle / Bd Magenta,08/24/2012
75009,17498,La Fayette / Pierre Semard,05/09/2014
75009,20076,Place d'Anvers / Trudaine / Turgot,06/08/2012
75009,21129,Place d'Estienne d'Orves / Saint Lazare,10/19/2012
75009,21230,Victoire / Saint Georges,05/11/2012
75009,21487,Chateaudun / Saint Georges,05/31/2013
75009,23596,Place de l'Opéra / Paix / 4 septembre,04/13/2012
75009,24047,Place de la Bourse / Notre-Dame des Victoires / Brongniart,02/10/2012
75009,25108,La Fayette / Drouot / Faubourg Montmartre,02/17/2012
75009,25540,Bd Capucines / Place de l'Opéra,04/13/2012
75009,27982,Faubourg Poissonnière / Delta,06/19/2015
75009,32213,Place d'Anvers / Bd Rochechouard / Dunkerque,01/13/2012
75009,33643,Sainte Cécile / Trévise,12/21/2011
75009,34724,Chauchat / Rossini,02/10/2012
75009,35099,Place Blanche / Bd de Clichy / Bruxelles,02/10/2012
75009,46329,Place Charles Garnier,05/25/2012
75009,47183,Place Adolphe Max / Douai / Bruxelles,01/20/2012
75009,48781,Place Pigalle / Rue Jean-Baptiste Pigalle,02/03/2012
75009,49535,Bd Clichy / Place Pigalle Ouest,06/22/2012
75009,55431,Drouot / Rossini,02/03/2012
75009,57584,La Fayette / Chateaudun,11/09/2012
75009,58520,Martyrs / La Tour d'Auvergne,11/16/2012
75009,59521,Bd Haussmann / Chaussée d'Antin,05/04/2012
75009,61124,Rochechouard / Trudaine / Dunkerque,03/09/2012
75009,64143,Caumartin / Provence,10/19/2012
75009,64951,Bd Haussmann / Caumartin,04/13/2012
75009,65899,Bd Haussmann / Halévy,05/04/2012
75009,72329,Maubeuge / Rochechouard / Bellefond,01/27/2012
75009,72367,"13, rue Saint Lazare",10/19/2012
75009,74548,Bd Clichy / Bd Rochechouard / Martyrs,05/04/2012
75009,75499,Place Jacob Kaplan / La Fayette / Provence / Laffitte,02/24/2012
75009,79444,Saint Lazare / Caumartin,02/22/2013
75009,79823,"11bis, rue Scribe",06/08/2012
75009,81014,Place Diaghilev,04/20/2012
75009,81258,Chateaudun / Taitbout,05/31/2013
75009,81422,Place Kossuth / Chateaudun / Maubeuge,09/14/2012
75009,84503,Faubourg Montmartre / Montyon,02/03/2012
75009,84555,Douai / Mansart / Pierre Fontaine,06/15/2012
75009,84772,Faubourg Poissonnière / Richer / Petites Ecuries,02/03/2012
75009,87208,Bd Clichy / Bd Rochechouard / Martyrs,05/04/2012
75009,87305,Buffault / Chateaudun,11/09/2012
75009,88620,Place Pigalle / Bd de Clichy / Houdon,08/31/2012
75009,89791,Clichy / Moncey,06/29/2012
75009,90714,Place de l'Opéra / Auber,04/13/2012
75009,92563,Bd Poissonnière / Sentier,12/21/2011
75009,94663,Lamartine / Rochechouard / Montholon / Cadet,11/09/2012
75009,95588,Bd Poissonnière / Faubourg Montmartre,03/09/2012
75009,95710,Bd Haussmann / Le Peletier,04/13/2012
75010,10013,Ambroise Paré / St Vincent-de-Paul,Début 2019
75010,10036,Bd Chapelle / Guy Patin,Début 2019
75010,10064,Fbg St Denis / Metz,10/14/2016
75010,10067,Paradis / Martel,06/14/2017
75010,10068,Fbg St Denis / Magenta / Square A. Satragne,01/04/2017
75010,10069,Georg Friedrich Haendel,03/03/2017
75010,10070,5 Albert Camus,12/20/2016
75010,10072,St Maur / Buisson St Louis,08/04/2016
75010,10079,Aqueduc / Chaudron,04/07/2017
75010,10080,Buisson St Louis / Chalet,02/28/2017
75010,10966,La Fayette / Faubourg Saint Martin,10/12/2012
75010,12116,Bd Strasbourg / Saint Laurent,04/20/2012
75010,12742,Place de la Bataille de Stalingrad / Faubourg Saint Martin,05/16/2014
75010,12884,Place Napoléon III / Gare du Nord,04/13/2012
75010,15560,Place de la République / Faubourg du Temple,06/21/2013
75010,18930,Dunkerque / Saint Quentin,04/13/2012
75010,22859,"22, rue Chabrol",01/20/2012
75010,25626,Quai de Jemmapes / Dieu / Alibert,02/17/2012
75010,25943,"Place Johann Strauss / 23, Bd Saint Martin",06/15/2012
75010,26718,Claude Vellefaux / Juliette Dodu / Saint Maur / Jean Moinon,02/10/2012
75010,26787,Dunkerque / Compiègne,04/13/2012
75010,27797,Faubourg du Temple / Parmentier,10/19/2012
75010,28234,Bd Magenta / La Fayette,11/08/2013
75010,29730,Alsace / 8 mai 1945,04/13/2012
75010,30934,Quai de Valmy / Beaurepaire / Marseille / Poulmarch,03/23/2012
75010,32626,Place de Roubaix / Bd Magenta / Maubeuge / Dunkerque,04/06/2012
75010,32795,La Fayette / Chabrol,12/19/2014
75010,33253,Porte Saint Martin / Bd Saint Martin / rue Saint Martin,07/27/2012
75010,37472,Faubourg Poissonnière / Paradis / Bleue / Papillon,06/22/2012
75010,37532,Sambre et Meuse / Sainte Marthe,01/13/2012
75010,38438,Faubourg Saint Martin / Château d'Eau,10/05/2012
75010,42055,Bd de la Chapelle / Faubourg Saint Denis / Louis Blanc,06/08/2012
75010,43214,Place Jacques Bonsergent / Bd Magenta / Lancry,06/08/2012
75010,45724,Faubourg Saint Martin / 8 mai 1945,07/06/2012
75010,45873,Quai de Jemmapes / Faubourg du Temple / Bd Jules Ferry,04/27/2012
75010,48209,Quai de Valmy / Louis Blanc,03/09/2012
75010,48813,Château Langon / Louis Blanc / Aqueduc,09/21/2012
75010,50523,Quai de Jemmapes / Ecluses Saint Martin,04/20/2012
75010,51230,Quai de Valmy / Lucien Sampaix / Recollets,02/17/2012
75010,55825,Bd Strasbourg / Château d'Eau,09/28/2012
75010,56959,Bd Magenta / Faubourg Saint Martin,10/19/2012
75010,59687,Maubeuge / Ambroise Paré,06/08/2012
75010,61135,Bd Magenta / Ambroise Paré / Guy Patin,05/18/2012
75010,61137,Bd Magenta / Château d'Eau,09/21/2012
75010,62163,Ecluses Saint Martin / Grange aux Belles / Vicq d'Azir / Juliette Dodu,07/27/2012
75010,65760,Bd Magenta / Bd Strasbourg,04/13/2012
75010,66168,"Place Sainte Marthe / Face au 27, rue Sainte Marthe",04/27/2012
75010,70442,"162, Faubourg Saint Martin",05/04/2012
75010,72791,Place Robert Desnos,05/25/2012
75010,72971,Bd Magenta / Nancy,10/05/2012
75010,73562,Quai de Valmy / Lancry,02/17/2012
75010,75111,Quai Valmy / Bd Villette // Rue La Fayette,08/03/2012
75010,75399,Faubourg Saint Denis / Cail,05/25/2012
75010,76166,"11, Bd Bonne Nouvelle",12/21/2011
75010,77612,Bd Chapelle / Maubeuge,06/08/2012
75010,78368,La Fayette / Dunkerque / Faubourg Saint Denis,05/25/2012
75010,79289,Alsace / Deux Gares,06/08/2012
75010,80333,Faubourg Saint Martin / Château Langon,03/23/2012
75010,86043,Place du Colonel Fabien / Grange aux Belles,05/11/2012
75010,86066,Faubourg Saint Denis / Demarquay,02/22/2013
75010,87526,Place Franz Liszt / La Fayette / Abbeville,10/12/2012
75010,92421,Bd Villette / Faubourg du Temple / Bd Belleville / Rue Belleville,05/31/2013
75010,98051,Place de la République / Caserne Verines,10/26/2012
75011,11056,Charonne / Lappe,04/07/2017
75011,12357,Faubourg Saint Antoine / Forge Royale,03/02/2012
75011,13871,Bd Voltaire / Jean-Pierre Timbaud,03/01/2013
75011,15301,Merlin / Duranti,02/24/2012
75011,16178,Bd Voltaire / Oberkampf,07/05/2013
75011,20997,Place Auguste Métivier / République / Bd Ménilmontant / Gambetta,05/25/2012
75011,21067,Bd Belleville / Bd Ménilmontant / Oberkampf / rue de Ménilmontant,07/27/2012
75011,28421,Nation / Avenue du Trône,04/20/2012
75011,28998,Bd Ménilmontant / Bd Charonne / Philippe Auguste / Pierre Bayle,02/24/2012
75011,29510,Roquette / Léon Frot,04/27/2012
75011,30322,Roquette / Lappe / Daval / Saint Sabin,06/01/2012
75011,30471,Place de la Bastille / Colonne,09/14/2012
75011,30567,République / Parmentier / Oberkampf,05/25/2012
75011,30637,Ledru Rollin / Charonne,06/01/2012
75011,33278,Philippe Auguste / Charonne,06/22/2012
75011,35385,Bd Richard Lenoir / Sedaine / Daval,06/01/2012
75011,37820,Léon Frot / Mercoeur,04/13/2012
75011,43592,Bd Voltaire / Chemin Vert,11/09/2012
75011,44425,République / Saint Maur,06/15/2012
75011,46326,Place Léon Blum / Bd Voltaire / Roquette,03/09/2012
75011,48009,Bd Voltaire / Charonne,12/21/2011
75011,52920,Bd Voltaire / Montreuil / Immeubles industriels,05/04/2012
75011,53843,Bd Richard Lenoir / Saint Sabin,07/27/2012
75011,55843,Mercoeur / Auguste Laurent,06/08/2012
75011,56760,Bd Belleville / Jean-Pierre Timbaud / Couronnes,07/20/2012
75011,59464,Bd Voltaire / Bd Richard Lenoir,03/01/2013
75011,60866,Arcade rue Robert Houdin,10/19/2012
75011,64906,Place de la Nation / Bd Diderot,04/20/2012
75011,68231,Bd Voltaire / Saint Ambroise,06/08/2012
75011,68375,Bd Charonne / Alexandre Dumas,12/21/2011
75011,69661,Place de la Nation / Taillebourg,06/01/2012
75011,79048,Bd Voltaire / Léon Frot,07/13/2012
75011,81850,République / Saint Maur,06/15/2012
75011,84274,Roquette / Popincourt,03/23/2012
75011,84362,Place Mireille Havet / Faubourg Saint Antoine / Faidherbe / Chaligny,03/09/2012
75011,85426,Jean-Pierre Timbaud / Moret / Vaucouleurs,11/16/2012
75011,86133,Place de la République / avenue de la République,03/01/2013
75011,87044,Place de la Nation / Bd Voltaire / Faubourg Saint Antoine,04/20/2012
75011,88238,Parmentier / Saint Ambroise,06/07/2013
75011,88838,Place de la Bastille / Rue de la Roquette,06/01/2012
75011,90486,Faubourg du Temple / Malte,06/08/2012
75011,94261,Bd Charonne / rue de Charonne,03/23/2012
75011,94639,Bd Belleville / Orillon / Ramponeau,01/20/2012
75011,96081,Place de la République / Bd Voltaire,03/01/2013
75012,10100,Trône / Bd Picpus / Cours de Vincennes,06/08/2012
75012,10557,Bd Bastille / Jules César,06/29/2012
75012,12003,Bercy / Villiot,05/31/2018
75012,12029,Place Maurice de Fontenay,08/31/2018
75012,12067,Léonard Bernstein / Parc de Bercy,03/29/2017
75012,12069,Charenton / Bd Reuilly,11/30/2016
75012,12082,Skatepark Bercy,01/09/2017
75012,12083,Hénard / Vivaldi,09/27/2016
75012,12089,Bizot / Sahel,11/29/2016
75012,12090,Jacques Hillairet / Albinoni,10/20/2016
75012,12091,Daumesnil / Fécamp,09/01/2016
75012,12432,"12-14, cité Moynet",07/27/2012
75012,13469,"30, Bd Carnot",11/02/2012
75012,14293,Bd Diderot / Abel,04/06/2012
75012,16271,"177, rue de Bercy",05/11/2012
75012,16993,Daumesnil / Ceinture du Lac Daumesnil,01/18/2013
75012,17662,Tourneux / Edouard Robert,04/20/2012
75012,17733,Place de la Bastille / Port de l'Arsenal,11/09/2012
75012,19779,Bd Poniatowski / Claude Decaen,12/07/2012
75012,19963,Fécamp / Wattignies,09/07/2012
75012,22458,Place Edouard Renard / Bd Soult,12/07/2012
75012,25517,Daumesnil / Ledru Rollin,07/06/2012
75012,30427,Place colonel Bourgoin / Chaligny / Charenton,09/14/2012
75012,30738,Quai de Bercy / Sortie POPB Sud,06/01/2012
75012,30906,Place Henri Frenay / Roland Barthes,07/20/2012
75012,32959,"195, rue de Bercy",05/11/2012
75012,33039,Place de la Bastille / Bd Bastille / Lyon,11/09/2012
75012,33553,"Place d'Aligre / 18, rue d'Aligre",05/04/2012
75012,33599,Quai de la Rapée / Pont Charles de Gaulle (Est),05/11/2012
75012,35702,Quai de la Râpée / Bd Diderot,04/27/2012
75012,36726,Ledru Rollin / Charenton,03/23/2012
75012,37644,Courteline / Entrée BPI / Bd Carnot,11/16/2012
75012,38396,Place Félix Eboué / Daumesnil / Bd de Reuilly,04/13/2012
75012,41676,Bd Diderot / Reuilly,01/13/2012
75012,42411,Cours de Vincennes / Docteur Arnold Netter,12/20/2013
75012,42724,Place du Bataillon du Pacifique / Bd de Bercy / Rue de Bercy,03/18/2014
75012,46378,Quai de la Râpée / Ledru Rollin,06/22/2012
75012,47130,Place de la Bastille / Colonne,09/14/2012
75012,47573,Daumesnil / Rambouillet,02/03/2012
75012,48147,Place des Combattants en Afrique du Nord / Bd Diderot / Lyon,04/13/2012
75012,50229,Place Edouard Renard / Bd Poniatowski,11/09/2012
75012,53155,Brèche aux Loups / Durance,05/04/2012
75012,55469,Bd Diderot / Chaligny,12/21/2011
75012,58302,Daumesnil / Bd Diderot,10/05/2012
75012,60061,François Truffaut / Passage Saint Emilion,11/09/2012
75012,61905,Bd Diderot / Picpus,12/21/2011
75012,62164,Chrétien de Troyes / Roland Barthes,05/18/2012
75012,64001,"59, boulevard Soult",11/09/2012
75012,65346,Quai de Bercy / Joseph Kessel / Pont de Tolbiac,07/20/2012
75012,66094,Quai de Bercy / Pont de Bercy / Bd de Bercy,04/20/2012
75012,68606,"63, rue de Picpus",08/31/2012
75012,72637,Route de la Pyramide,05/15/2015
75012,73321,Bd Diderot / Bercy,04/13/2012
75012,75510,Reuilly / Montgallet,01/13/2012
75012,77071,Place Henri Frenay,02/03/2012
75012,80257,Picpus / Saint Mandé / Fabre d'Eglantine,06/22/2012
75012,81204,Avenue de la porte de Vincennes (sur Bd périphérique),11/16/2012
75012,83531,Bd Poniatowski / Charenton,11/16/2012
75012,84480,"156, Bd Diderot",12/21/2011
75012,84570,Reuilly / Erard,12/21/2011
75012,87643,"19, rue du colonel Rozanoff",11/28/2014
75012,90101,Place Félix Eboué / Daumesnil,08/03/2012
75012,90513,Rambouillet / Châlon,05/11/2012
75012,91445,Esplanade Saint Louis,05/15/2015
75012,91873,Pont de Tolbiac - Aval,07/06/2012
75012,93044,Bd Soult / Cours de Vincennes / Avenue de la porte de Vincennes,11/23/2012
75012,94387,Faubourg Saint Antoine / Ledru Rollin,03/16/2012
75012,94447,Bd Reuilly / Taine,07/13/2012
75012,97975,Bd Soult / Saint Mandé,11/16/2012
75012,97975A,Bd Soult / Courteline,11/16/2012
75013,10105,"8, Bd Hôpital",12/21/2011
75013,11144,Italie / Tage,09/07/2012
75013,12569,Simone Weil / Frères d'Astier de la Vigerie,06/01/2012
75013,13054,Massena / Darmesteter,02/24/2017
75013,13074,55 Vincent Auriol,03/06/2017
75013,13075,Chateau des Rentiers / Ricaut,08/01/2016
75013,13076,Patay / Tolbiac,09/22/2016
75013,13077,Massena / Vitry,11/14/2016
75013,13080,Olympiades / Rome / Stadium,09/01/2016
75013,13081,Bourgon / Moulin de la Pointe,11/30/2016
75013,13084,Tolbiac / Bobillot,03/10/2017
75013,13085,Bobillot / Vandrezanne,03/13/2017
75013,13086,Bd Arago / Glacière,02/24/2017
75013,13088,Halle Freyssinet / Douve arrière,05/23/2017
75013,13231,Olympiades / Londres / Anvers,01/18/2013
75013,13412,Pont Charles de Gaulle / Quai d'Austerlitz,01/18/2013
75013,13532,Olympiades / Mexico - Franprix,01/18/2013
75013,13700,Olympiades / Squaw Valley,01/18/2013
75013,13772,Place Jeanne d'Arc / Place Souham,09/14/2012
75013,13967,Colonel Dominé,01/11/2013
75013,14707,Porte d'Italie / Bd extérieurs,09/07/2012
75013,14765,Place Vénétie,01/25/2013
75013,15476,Rue Chevaleret / Métro Chevaleret,03/23/2012
75013,15868,Docteur Tuffier / Peupliers,09/07/2012
75013,16244,Place docteur Yersin / Joseph Bédier,10/19/2012
75013,16986,Italie / Tolbiac,08/10/2012
75013,17197,Docteur Magnan / Charles Moureu,06/01/2012
75013,18332,Chevaleret / Clisson,07/13/2012
75013,19286,Olympiades / Accueil Rome,01/18/2013
75013,19566,Ivry / Regnault,02/17/2012
75013,19891,Place Italie / Bd Vincent Auriol / Choisy,12/21/2011
75013,23065,Italie / Vandrezanne,10/19/2012
75013,25765,Chevaleret / Cantagrel / Eugène Oudiné / Watt,06/07/2013
75013,28637,Bd Masséna / Péan,01/18/2013
75013,29435,Albert / Jean Fautrier / Trolley de Prévaux,02/17/2012
75013,29712,Avenue de France / Raymond Aron / Promenade Jules Isaac,11/01/2013
75013,30118,"15bis, rue de Tolbiac",12/21/2011
75013,30922,Quai François Mauriac / Passerelle Simone de Beauvoir,07/13/2012
75013,33183,Bd Général Jean Simon / Pont National,12/28/2012
75013,34836,Bd Masséna / Choisy,05/17/2013
75013,35012,Place Claude Bourdet / Corvisart / Cordelières,12/21/2011
75013,45705,Gobelins / Bd Arago / Bd Port Royal / Bd Saint Marcel (Ouest),06/01/2012
75013,46911,Poterne des Peupliers / Sainte Hélène,10/19/2012
75013,47653,Dessous des Berges / Patay / Eugène Oudiné,12/21/2011
75013,47824,Jeanne d'Arc / Domrémy / Patay,08/24/2012
75013,48567,Gobelins / Bd Arago / Bd Port Royal / Bd Saint Marcel (Nord),06/01/2012
75013,53448,Gobelins / Bd Arago / Bd Port Royal / Bd Saint Marcel (Sud),06/01/2012
75013,58448,Bd Vincent Auriol / Avenue de France,12/21/2011
75013,58557,Bd Hôpital / Bd Saint Marcel,06/01/2012
75013,59136,Tolbiac / Choisy,06/01/2012
75013,60972,"122, rue du Château des Rentiers",08/24/2012
75013,61371,Place d'Italie / Gobelins,01/20/2012
75013,62347,Quai François Mauriac / Pont de Tolbiac,07/30/2013
75013,62732,Bd Hôpital / Pinel,07/13/2012
75013,62734,Porte d'Italie (Sur Bd périphérique),10/19/2012
75013,63074,Bd Kellermann / Longues Raies,10/19/2012
75013,63591,Bd Masséna / Avenue de la porte d'Ivry,09/14/2012
75013,64071,Place Valhubert,08/31/2012
75013,64594,Choisy / Baudricourt,06/01/2012
75013,66003,Place Italie / Bd Auguste Blanqui / Bobillot,12/21/2011
75013,66701,Hélicoptère Sécurité Civile,04/13/2012
75013,67014,Bd Saint Marcel / Jeanne d'Arc,05/25/2012
75013,67390,"103, rue de Tolbiac",06/01/2012
75013,67935,Joseph Bédier / Maryse Bastié,10/19/2012
75013,68021,Bd Auguste Blanqui / Corvisart,12/21/2011
75013,68334,Bd Auguste Blanqui / Glacière,12/21/2011
75013,70071,Pont National - Amont,12/21/2012
75013,71821,Château des Rentiers / Regnault,01/13/2012
75013,73087,Pont d'Austerlitz - Aval,07/27/2012
75013,75329,Bd Vincent Auriol / Quai d'Austerlitz,10/19/2012
75013,75778,Place Italie / Bd Hôpital,12/21/2011
75013,78185,Bd Hôpital / Jeanne d'Arc,07/13/2012
75013,78193,Place de Port au Prince / Avenue de la porte de Choisy,06/01/2012
75013,79232,Bd Masséna / Bd Berlier,11/09/2012
75013,79596,Pont d'Austerlitz - Amont,07/27/2012
75013,80562,Pont National - Aval,12/28/2012
75013,81328,Place de Rungis,03/09/2012
75013,82014,Bd Port Royal / Glacière,09/07/2012
75013,82224,Colonie / Fontaine à Mulard,12/21/2011
75013,83092,Grands Moulins / Marie Andrée Lagroua Weill Hallé,09/07/2012
75013,84568,Bd Vincent Auriol / Nationale,10/19/2012
75013,84574,Pont de Bercy - Amont,10/19/2012
75013,85095,Pont de Bercy - Aval,11/09/2012
75013,87040,Bd Masséna / Halle Carpentier,01/20/2012
75013,89076,Rue de Tolbiac / Avenue de France,12/20/2013
75013,91336,Bd Kellermann / Pierre de Coubertin,06/01/2012
75013,97058,Tolbiac / Nationale,10/19/2012
75014,10155,Ernest Reyer / Edmond Rousse,12/28/2012
75014,11453,Plantes / Antoine Chantin / Abbé Carton,09/28/2012
75014,13099,236 Tolbiac,12/29/2015
75014,13312,Bd Saint Jacques / Ferrus / Santé,12/21/2011
75014,13583,Bd Raspail / Huyghens,01/27/2012
75014,13654,Jean Moulin / Auguste Cain,10/05/2012
75014,14048,Guilleminot / Crocé-Spinelli,11/03/2017
75014,14063,Sablière / Hippolyte Maindron,04/07/2017
75014,14064,Général Leclerc / Mouton Duvernet,07/03/2018
75014,14066,Alésia / René Coty,11/09/2018
75014,14067,Reille / René Coty,12/01/2016
75014,14068,Reille / Gazan / Lemaignan,09/08/2016
75014,14074,Pernety / Ouest,09/09/2016
75014,14251,Gergovie / Cange,02/17/2012
75014,14602,Raymond Losserand / Pierre Larousse,02/17/2012
75014,15349,Place de la porte de Vanves / Avenue de la porte de Vanves / Marc Sangnier,12/14/2012
75014,15950,Decrès / Moulin de la Vierge,02/17/2012
75014,16056,Place Denfert-Rochereau / Rue de Grancey,12/21/2011
75014,17143,"16, rue du Faubourg Saint Jacques",04/27/2012
75014,18452,Didot / Eure,02/24/2012
75014,18838,Place Denfert-Rochereau / Bd Saint Jacques,01/27/2012
75014,20037,Place Denfert-Rochereau,01/20/2012
75014,32303,Place Ferdinand Brunot / Rue Saillard,05/25/2012
75014,32695,Bd Romain Rolland / Légion Etrangère,10/19/2012
75014,32762,Place Victor et Hélène Basch,05/25/2012
75014,33506,Alésia / Tombe Issoire,03/30/2012
75014,34956,Bd Montparnasse / Rue du Départ,06/08/2012
75014,35666,Place de Catalogne Nord-Ouest,07/27/2012
75014,38285,Bd Adolphe Pinard / Avenue de la porte de Vanves,12/21/2012
75014,39250,Bd Auguste Blanqui / Santé,01/20/2012
75014,41203,Bd Romain Rolland / Avenue de la porte d'Orléans,10/19/2012
75014,41472,Avenue Pierre de Coubertin / Avenue Paul Vaillant-Couturier,06/22/2012
75014,42789,Dolent / Messier,01/20/2012
75014,43339,Bd Arago / Faubourg Saint Jacques,01/20/2012
75014,44351,Bd Jourdan / RER,05/17/2013
75014,48506,Place Fernand Mourlot / Bd Edgar Quinet / Gaité,06/19/2015
75014,51743,Place 25 août 1944 / Porte d'Orléans,05/04/2012
75014,52404,Maine / Commandant René Mouchotte,02/17/2012
75014,54322,Place Gilbert Perroy / Maine / Gassendi,06/08/2012
75014,54552,Alésia / Vercingétorix,07/06/2012
75014,56510,Georges Lafenestre / Maurice d'Ocagne,02/17/2012
75014,60857,Boulard / Daguerre,12/21/2011
75014,61992,Bd Adolphe Pinard / Avenue de la porte de Châtillon,09/07/2012
75014,69585,"72, avenue Denfert-Rochereau",12/21/2011
75014,70540,Alésia / Villa d'Alésia,11/02/2012
75014,70611,Place Jacques Demy / Mouton Duvernet / Saillard,05/25/2012
75014,71184,Bd Port Royal / Avenue de l'Observatoire,12/21/2011
75014,73025,Place Coluche / Alésia / Santé,06/01/2012
75014,73923,Bd Brune / Jean Moulin,06/22/2012
75014,75264,"10, Bd Brune",02/17/2012
75014,77797,Marc Sangnier / Wilfried Laurier,10/26/2012
75014,77867,Bd Montparnasse / Avenue de l'Observatoire,12/21/2011
75014,79474,Place Moro Giafféri / Château / Asseline,12/21/2011
75014,81104,Bd Brune / Porte de Vanves,02/17/2012
75014,81787,Bd Arago / Messier,01/27/2012
75014,81962,Bd Brune / Bd Jourdan,12/19/2014
75014,82788,Rue de la Santé,09/28/2012
75014,83193,Bd Brune  / Place du 25 août 1944,12/19/2014
75014,83358,Alésia / Didot,09/28/2012
75014,84620,Maine / Froidevaux,09/14/2012
75014,86283,Bd Edgar Quinet / Bd Raspail,04/13/2012
75014,89511,Alésia / Raymond Losserand,03/23/2012
75014,92903,Pernety / Vercingétorix / Alain,02/17/2012
75014,94232,Pernety / Raymond Losserand,03/09/2012
75014,97328,Bd Jourdan / Emile Deutsch de la Meurthe,09/21/2012
75015,10476,Bd de Grenelle / Commerce / La Motte Picquet,12/21/2011
75015,10771,Javel / Gutemberg,03/23/2012
75015,11675,Place Alfred Sauvy / Desaix,01/13/2012
75015,11877,Péclet / Esplanade mairie,08/24/2012
75015,12079,Albert Bartholomé / André Theuriet,03/09/2012
75015,12972,Amiral Roussin / Jean Fourastier,11/16/2012
75015,13273,Bargue / Platon,12/21/2011
75015,15043,Bd Victor / Avenue de la porte de Sèvres,09/20/2017
75015,15067,Colonel Pierre Avia / Frères Voisin,02/08/2018
75015,15085,Beaugrenelle / Rampe Dr Finlay,10/03/2016
75015,15089,Beaugrenelle / Passerelle est / CPCU,06/29/2017
75015,15090,Passerelle ouest / Mercure II,12/07/2016
75015,15092,Reflets,11/30/2016
75015,15093,Synagogue / Rive Gauche,11/30/2016
75015,15094,Verseau / Perspective 1,12/02/2016
75015,15095,Linois / Emeriau,03/02/2017
75015,15096,Passerelle Robert Keller,02/22/2018
75015,15110,Professeur Florian Delbarre,02/16/2017
75015,15113,Brancion / Vouillé,11/07/2016
75015,15114,Vouillé / Castagnary,09/30/2016
75015,15116,Vaugirard / Adolphe Chérioux,03/22/2017
75015,15119,ZAC Boucicaut / Allée Irène Némirovsky,07/08/2016
75015,15120,Emeriau / Théatre,06/29/2017
75015,15229,Place des Insurgés de Varsovie,05/04/2012
75015,17112,Quatre Frères Peignot / Emile Zola,04/13/2012
75015,17168,Saint Charles / Varet,05/25/2012
75015,17892,Place Henri Queuille - Bd Garibaldi / Lecourbe,02/17/2012
75015,25702,Léon Lhermitte / Docteur Jacquemaire Clémenceau,04/20/2012
75015,26831,Nélaton,01/20/2012
75015,31474,Dantzig / Périchaux,02/24/2012
75015,31629,Place Ferdinand Forest / pont de Grenelle / Quai André Citroën,10/19/2012
75015,37524,Pont Bir Hakeim / Place des Martyrs Juifs du Vélodrome d'Hiver,10/12/2012
75015,37792,Commerce / Entrepreneurs,07/02/2014
75015,38101,Place Balard,06/15/2012
75015,39029,Bd Lefèbvre / Jean Sicard,03/02/2012
75015,41677,Bd Montparnasse / Arrivée,09/06/2013
75015,43285,Place Raoul Dautry,06/15/2012
75015,43832,Bd Montparnasse / Maine / Vaugirard,02/24/2012
75015,43956,Place Marcel Cerdan / Bd Grenelle / Humblot,02/17/2012
75015,45963,Place Raoul Dautry / Bd Vaugirard / Arrivée,04/20/2012
75015,47433,Quai André Citroën / Bd Général Martial Valin / Pont Garigliano,05/25/2012
75015,48258,Bd Lefèbvre / Avenue de la porte de la Plaine,02/24/2012
75015,48877,"17, rue Georges Bernard Shaw",01/27/2012
75015,49453,Place Raoul Dautry / Maine / Départ,04/20/2012
75015,50863,"21, Bd de Vaugirard",06/28/2013
75015,52282,Lecourbe / Thoreton,03/30/2012
75015,53526,Croix Nivert / Desnouettes / Hameau,06/22/2012
75015,53603,Esplanade Max Guedj / Balard / Montagne d'Aulas,08/03/2012
75015,59975,Balard / Saint Charles / Modigliani,05/25/2012
75015,60499,Place Henri Queuille / Bd Garibaldi / Breteuil,02/17/2012
75015,61930,Leblanc / Professeur Florian Delbarre,09/07/2012
75015,65530,Flaguière / Bargue,12/21/2011
75015,68007,"11, rue Chasseloup Laubat",12/21/2011
75015,68651,Suffren / Motte-Piquet,05/11/2012
75015,69625,Bd Grenelle / Place des Martyrs Juifs du Vélodrome d'Hiver / Station métro Bir-Hakeim,10/12/2012
75015,70417,Flaguière / Platon,12/21/2011
75015,70737,Place Charles Michels / Linois / Saint Charles,03/23/2012
75015,71637,Pont Mirabeau / Quai André Citroën / Convention,03/30/2012
75015,71964,Pont de Grenelle - Rive gauche,10/12/2012
75015,72190,Léon Lhermitte / Gustave Larroumet,04/13/2012
75015,72738,Place Léon Paul Fargue,05/25/2012
75015,77600,Porte de Versailles Sud / Esplanade du 9 novembre 1989 / avenue Ernest Renan,03/16/2012
75015,79759,Place Falguière,10/12/2012
75015,80153,Vaugirard / Convention,08/31/2012
75015,81297,Lecourbe / Cambronne,06/28/2013
75015,85735,Place Cambronne / Croix Nivert / Cambronne,12/21/2011
75015,86075,Bd Victor / Desnouettes,03/16/2012
75015,87231,Convention / Croix Nivert,11/16/2012
75015,89051,Bd Lefèbvre / Avenue de la porte de Brancion,06/08/2012
75015,90461,Place Charles Michels / Emile Zola / Linois,03/23/2012
75015,91143,Quai d'Issy les Moulineaux,05/25/2012
75015,93133,Convention / Saint Charles,05/18/2012
75015,94561,Place Cambronne / Roger Cahen / Alexandre Cabanel,12/21/2011
75015,95742,Bd Pasteur / Bd Vaugirard / Passage Alexandre,01/20/2012
75015,96500,Bd Pasteur / Armorique,01/20/2012
75015,96540,Porte de Versailles Nord / Bd Victor / Vaugirard,03/16/2012
75015,98837,Bd Pasteur / Cotentin,12/21/2011
75015,99315,Frémicourt / Fondary / Commerce / Emile Zola,07/18/2014
75015,45963B,Place Raoul Dautry / Bd Vaugirard / Arrivée,04/20/2012
75016,10194,Palais de Tokyo / Quai de New York,05/04/2012
75016,11253,Route des Lacs à Passy / Allée des Fortifications,12/28/2012
75016,11751,Place de Colombie / Bd Suchet / Bd Lannes / Porte de la Muette,11/09/2012
75016,12294,Bd Amiral Bruix / Général Anselin,03/09/2012
75016,13418,Kléber / Portugais,06/22/2012
75016,14140,Place du maréchal de Lattre de Tassigny / Foch,09/14/2012
75016,14429,Quai saint Exupéry / rue du général Niox,06/15/2012
75016,14530,Place Tattegrain / Bd Flandrin / Henri Martin,02/17/2012
75016,15181,Bd Murat / Lecomte du Nouy / Varize,02/10/2012
75016,16005,Général Mangin / Lamballe,02/27/2017
75016,16006,Lamballe / Raynouard,02/27/2017
75016,16007,Guilbaud / Parc des Princes,09/13/2013
75016,16013,Cortambert / Nicolo,07/03/2017
75016,16021,Place des Etats-Unis / Avenue d'Iéna,03/15/2017
75016,16058,Montevidéo / Longchamp,02/09/2017
75016,16071,Chantemesse / Maréchal Fayolle,08/10/2016
75016,16092,Benjamin Franklin / Le Tasse,02/13/2018
75016,16106,Centre sportif Géo André,10/16/2015
75016,16107,Trocadéro / Paul Doumer / Benjamin Franklin,02/16/2017
75016,16108,Centre sportif Géo André,10/16/2015
75016,16109,Kléber / Boissière,03/23/2017
75016,16110,Passerelle Debilly,Début 2019
75016,16113,Pont Garigliano amont,Début 2019
75016,16114,Pont Garigliano aval,Début 2019
75016,16124,Ingres / Prudhon,10/06/2016
75016,16133,Quai Saint Exupéry / Le jour se lève,Début 2019
75016,16134,Ferdinand Buisson / Georges Lafont / Félix d'Herelle,03/17/2017
75016,16135,Ferdinand Buisson / Edouard Vaillant,09/16/2016
75016,16136,Edouard Vaillant / Porte de Saint Cloud,10/08/2018
75016,16137,Sergent Maginot / Arioste,09/02/2016
75016,16139,Porte Boulogne / Bd Auteuil,12/26/2017
75016,16145,Bd Murat / Daumier,09/23/2016
75016,16146,Bd Murat / St Exupéry,11/04/2016
75016,16147,Boulainvilliers / Raynouard,10/05/2016
75016,16148,Pergolèse / Marbeau,Début 2019
75016,16385,Molitor / Chardon Lagache,07/27/2012
75016,16997,Guilbaud / Parc des Princes,09/13/2013
75016,17596,Pont Bir-Hakeim / Avenue du Président Kennedy,09/14/2012
75016,17849,Bd Suchet / Raffet / Square Tolstoï,03/30/2012
75016,18695,Mesnil / Saint Didier,05/25/2012
75016,19196,Stade Georges Hébert / Bd Murat / Porte Molitor,01/27/2012
75016,19892,Place d'Iéna / Avenue d'Iéna Sud,05/18/2012
75016,20072,Victor Hugo / Presbourg,06/22/2012
75016,22575,Henri Martin / Pompe,08/24/2012
75016,26088,Place du maréchal de Lattre de Tassigny / Bd Lannes,09/07/2012
75016,27200,Avenue de Versailles / Bd Exelmans,06/15/2012
75016,27296,Avenue de Versailles / Bd Exelmans,06/15/2012
75016,27756,Place de la porte de Saint Cloud / Avenue Georges Lafont,09/28/2012
75016,27960,Porte de Saint Cloud,09/28/2012
75016,29603,Allée de Longchamp / Route de la porte Dauphine à la porte des Sablons,11/16/2012
75016,32329,Place Clément Ader / Radio France,02/08/2013
75016,32468,Trocadéro / Parvis des droits de l'Homme,01/20/2012
75016,33823,Place Victor Hugo / Avenue Victor Hugo (Sud),12/21/2011
75016,34347,La Fontaine / Guérin / Poussin,12/21/2011
75016,34560,"Avenue Marceau, rue Galilée",07/27/2012
75016,35575,Grande Armée / Presbourg,09/07/2012
75016,35620,Trocadéro / Président Wilson,05/04/2012
75016,36609,Président Kennedy / Lamballe / Ankara,10/12/2012
75016,37319,Bd Suchet / Ingres,12/21/2011
75016,38363,Place du général Stéfanik / Bd Murat / rue du général Delestraint,09/28/2012
75016,39331,Bd d'Auteuil / Avenue du général Sarrail,01/27/2012
75016,39407,Place de la porte d'Auteuil / Bd Murat / Bd Suchet,12/21/2011
75016,39913,Foch / Presbourg,06/22/2012
75016,43643,Avenue de Versailles / Wilhem,07/27/2012
75016,44621,Allée de Longchamp / Allée de la Reine Marguerite,08/02/2013
75016,50320,Avenue de la porte d'Auteuil / Sortie Bd périphérique extérieur,05/18/2012
75016,51930,Georges Mandel / Decamps / Eugène Delacroix,08/10/2012
75016,51992,Av. Parc des Princes / Centre Géo André,04/13/2012
75016,52670,Michel Ange / Auteuil,01/27/2012
75016,53578,Bd d'Auteuil / Gordon Bennett / Robert Schumann,04/13/2012
75016,54069,Place Jean Monet,01/09/2012
75016,55054,Président Kennedy / Ranelagh,05/04/2012
75016,58577,Bd Exelmans / Michel Ange,06/15/2012
75016,61948,Place de México / Eylau,03/09/2012
75016,64215,Foch / Raymond Poincaré / Malakoff,09/14/2012
75016,64856,Trocadéro / Georges Mandel / d'Eylau,12/21/2011
75016,65084,Place de la porte d'Auteuil / Bd Murat / rue d'Auteuil,01/20/2012
75016,65961,Avenue du Parc des Princes / Claude Farrère / Général Sarrail,04/13/2012
75016,71195,Iéna / Albert de Mun / Nations Unies,06/08/2012
75016,72093,Pont Bir Hakeim - Aval,11/30/2012
75016,72224,Porte Maillot / Sortie Bd périphérique intérieur,03/23/2012
75016,73432,Avenue du commandant Guilbaut / avenue de la porte de Saint Cloud,09/28/2012
75016,74412,Trocadéro / Kléber / Poincaré,12/21/2011
75016,74609,Muette / Passy / Boulainvilliers,06/08/2012
75016,79782,Place du maréchal de Lattre de Tassigny / Route de Suresnes,09/28/2012
75016,82043,Place de l'Europe / Entrée Parc des Princes,04/13/2012
75016,82540,Georges Lafont / Edouard Vaillant,09/28/2012
75016,82982,Parc des Princes / Place du docteur Michaud ,10/12/2012
75016,84766,Route de Suresnes / Route des Moulins,08/02/2013
75016,85275,Pont Mirabeau - Aval,03/10/2014
75016,85400,Trocadéro - Esplanade Joseph Wresinski (sud-ouest),06/15/2012
75016,85982,Pont d'Iéna - Amont,04/11/2014
75016,87034,Route de Sèvres à Neuilly / Allée de Longchamp,08/02/2013
75016,87335,Carrefour des Cascades,10/01/2013
75016,89165,Place de la porte de Saint Cloud / Avenue de Versailles,10/19/2012
75016,91353,Place de Varsovie,06/15/2012
75016,93829,Bd Suchet / Raphaël,11/09/2012
75016,95271,Pont de l'Alma,08/03/2012
75016,95629,Place du Costa Rica,02/03/2012
75016,96105,Ranelagh / Raynouard,02/03/2012
75016,97645,Nungesser et Coli / avenue de la Porte Molitor,01/17/2014
75016,97703,Nations Unies / Le Nôtre,02/17/2012
75016,98777,Trocadéro - Esplanade Joseph Wresinski (nord-est),06/15/2012
75016,99036,Place d'Iéna / Président Wilson / Pierre 1er de Serbie,05/25/2012
75016,82043B,Place de l'Europe / Parc des Princes,04/20/2012
75017,10510,Cardinet / Lemercier,06/08/2012
75017,11943,TERNES / NIEL,06/21/2013
75017,12630,"89, Bd Gouvion Saint Cyr / Méridien",05/11/2012
75017,12711,Espace Champerret / Jean Ostreicher,12/28/2012
75017,12852,Clichy / Guy Moquet,02/03/2012
75017,16458,Bd Berthier / Porte d'Asnières,03/09/2012
75017,17036,Gouvion Saint-Cyr / Galvani,08/02/2017
75017,17064,St Ouen / Navier,11/09/2018
75017,17065,Pierre Rebière / Voie vers Bessières,11/18/2016
75017,17073,Brunetière / Abbé Rousselot,11/18/2016
75017,17077,Rue Marie-Georges Picquart / Passerelle Batignolles,02/24/2017
75017,17080,Batignolles - Parvis Palais Justice,Début 2019
75017,17081,Rue du Bastion / rue André Suarez,Début 2019
75017,17087,Rue Gilbert Cesbron nord,07/04/2017
75017,17088,Rue Gilbert Cesbron sud,06/26/2017
75017,17094,Batignolles / Dames,12/08/2016
75017,17095,Wagram / Prony,11/18/2016
75017,17096,Galvani / Laugier,12/07/2016
75017,17097,Wagram / Rennequin,12/01/2016
75017,18085,"21bis, rue Jean Leclaire",05/25/2012
75017,18308,Curnonsky / Raymond Pitet,06/15/2012
75017,18536,Porte Asnières / Bd Reims,05/18/2012
75017,18656,Place Paul Tortelier / Marguerite Long / Stéphane Grappelli,02/17/2012
75017,19182,Fourche Clichy / Saint Ouen,01/20/2012
75017,26158,Bd Courcelles / Bd Malesherbes,06/28/2013
75017,28293,Place Maréchal Juin,02/03/2012
75017,32355,Jonquière / Boulay,12/21/2011
75017,34901,"80, Bd Bessières",05/11/2012
75017,41692,Courcelles / Mallarmé,06/07/2013
75017,43139,Davy / Legendre,02/17/2012
75017,44258,Bd Gouvion Saint Cyr / Porte Champerret,05/04/2012
75017,47356,Porte Maillot / Rue Joseph et Marie Hackin / Neuilly,09/07/2012
75017,47973,Avenue Porte des Ternes / Gustave Charpentier,06/15/2012
75017,48088,Place Général Catroux,04/13/2012
75017,49795,Porte Maillot / Grande Armée,03/30/2012
75017,52599,Carnot / Tilsitt,08/31/2012
75017,55563,Avenue Clichy / Passage Petit-Cerf,01/13/2012
75017,55606,Bd Douaumont / Porte de Clichy,04/20/2012
75017,56039,Place Wagram / Bd Malesherbes,02/17/2012
75017,57632,Deraismes / Pécaut,12/21/2011
75017,58185,Place Paul Léautaud / Bd Berthier,06/15/2012
75017,58709,Saussure / Péreire,01/13/2012
75017,64090,Lévis / Dames,12/21/2011
75017,65315,Bd Berthier / Saussure,02/03/2012
75017,66498,Villiers / Legendre,05/18/2012
75017,66817,Bd BERTHIER - A.ROUSSEL,03/28/2014
75017,69662,Jonquière / Villa Sainte Croix,01/27/2012
75017,70446,Clichy / Brochant / Sauffroy,04/27/2012
75017,70605,Leclaire / Saint Ange / Général Henrys,02/17/2012
75017,73554,Grande Armée / Porte Maillot,04/20/2012
75017,75411,Porte Maillot / Bd Pershing,07/13/2012
75017,75732,Brechet / Loucheur,08/17/2012
75017,76501,Place de Clichy / Rue de Clichy,06/29/2012
75017,80383,Place saint Ferdinand,04/27/2012
75017,84425,Bd Bessières / Porte de Clichy,05/04/2012
75017,84653,Bessières / Pouchet,05/11/2012
75017,87387,Bd Bois le Prêtre / Emile Borel,06/01/2012
75017,87704,Rome / Cardinet,09/06/2013
75017,89632,Place Clichy / Biot,06/29/2012
75017,91182,Grande Armée / Argentine,06/22/2012
75017,92088,Bd Ney / Porte Saint Ouen,09/14/2012
75017,94112,Malesherbes / Viete,08/03/2012
75017,99639,Place Général Koenig,04/20/2012
75018,10630,Joffrin / Fermel,05/11/2012
75018,10631,Bd Ney / Porte Chapelle,12/21/2012
75018,11601,Tristan Tzara,06/08/2012
75018,12278,Place Paul Eluard,06/08/2012
75018,15048,Jean Henri Fabre / Colonel Dax,09/21/2012
75018,15446,"Vis-à-vis du 92, Bd Ney",12/14/2012
75018,15626,Avenue porte Saint Ouen / Louis Pasteur Vallery-Radot,08/17/2012
75018,16334,Poissonniers / Myrha,12/07/2012
75018,16561,Bd de la Chapelle / Caplat,02/23/2015
75018,18002,Lamarck / Carpeaux,07/19/2017
75018,18023,Château Rouge / Bd Barbès / Poulet / Custine,11/09/2012
75018,18086,Barbès / Doudeauville,11/14/2016
75018,18087,Goutte d'Or / Islettes,11/14/2016
75018,18088,Panama / Léon,10/13/2016
75018,18091,Pajol / Département / Ph de Girard,01/31/2017
75018,18094,Riquet / Pajol,03/10/2017
75018,18104,Marcadet / Ruisseau,05/02/2017
75018,18110,Binet / Maurice Grimaud,04/23/2018
75018,18111,Poissonniers / Championnet,08/08/2017
75018,18115,Barbès / Labat,11/14/2016
75018,18201,Porte Chapelle - Centre migrants,02/14/2017
75018,18202,Porte Chapelle - Centre migrants,02/14/2017
75018,19071,Bd Barbès / Bd Rochechouard,09/07/2012
75018,20728,Lamarck / Chevalier de la Barre,08/31/2012
75018,20785,Square Louise Michel / Square Willette,06/08/2012
75018,22078,Ordener / Poteau,05/11/2012
75018,22107,"34, Chevalier de la Barre",07/13/2012
75018,22378,Bd Barbès / Bd Chapelle,08/10/2012
75018,24022,Place Blanche / rue Blanche,03/09/2012
75018,24819,Stephenson / Jean François Lépine,08/03/2012
75018,25902,René Binet / Fernand Labori,04/27/2012
75018,26955,Parvis Sacré Coeur,06/22/2012
75018,28369,Place Abbesses,06/29/2012
75018,28849,Stephenson / Laghouat,01/25/2013
75018,29420,Schneider / Binet,04/27/2012
75018,34810,Tertre / Norvins,11/16/2012
75018,35021,Ordener / Poissonniers,05/25/2012
75018,35296,Doudeauville / Stephenson,11/23/2012
75018,40936,Cavé / Léon / Saint Luc,05/25/2012
75018,41624,Département / Caillie,03/29/2013
75018,42595,Place d'Anvers / Rochechouard / Steinkerque,01/13/2012
75018,43793,Caulaincourt / Joseph de Maistre,06/29/2012
75018,44255,Yvonne le Tac / Chappe / Tardieu,08/31/2012
75018,44831,Cardinal Dubois / Funiculaire,06/22/2012
75018,46275,Max Dormoy / Département,07/20/2012
75018,46817,Marcadet / Poissonniers,06/15/2012
75018,47167,Bd Ney / Charles Hermite,12/14/2012
75018,48778,Doudeauville / Léon,11/09/2012
75018,48934,Poissonniers / Doudeauville,11/09/2012
75018,49070,Hermite / Bertin / Fillettes,12/14/2012
75018,49804,Marcadet / Damrémont,04/27/2012
75018,51595,Bd Clichy / Caulaincourt,06/29/2012
75018,52675,Polonceau / Gardes,05/25/2012
75018,54506,St Ouen / Championnet / Marcadet / Moquet / Jonquière,08/31/2012
75018,55134,Place Orlan / Queneau / Cottin,06/08/2012
75018,58108,St Ouen / Lamarck / Etex,06/22/2012
75018,60904,Porte Montmartre / Gérard de Nerval,12/21/2012
75018,62366,Bd Ney / Porte Clignancourt,09/21/2012
75018,62384,Tertre / Jean Marais,11/16/2012
75018,64494,Bd Ney / Poteau,04/27/2012
75018,67972,Myrha / Affre,01/18/2013
75018,69210,Clignancourt / Myrha / Poulet / Christiani,12/07/2012
75018,70209,Chapelle / Curé,06/08/2012
75018,73270,Bd Rochechouard / Clignancourt,02/03/2012
75018,74617,Poissonniers / Polonceau,12/07/2012
75018,76006,Chapelle / Gué / Pré,09/21/2012
75018,76356,Porte Poissonniers / Professeur Gosset,09/21/2012
75018,76428,Porte Clignancourt / Sortie périph intérieur,09/21/2012
75018,78121,Bd Chapelle / Aubervilliers,07/27/2012
75018,79855,Aubervilliers / Riquet,06/29/2012
75018,79891,Aubervilliers / Evangile,01/11/2013
75018,80870,Bd Ney / Aubervilliers,01/18/2013
75018,81112,Caulaincourt / Mont Cenis / Francoeur / Custine,08/31/2012
75018,81580,Clignancourt / Marcadet / Simart,03/09/2012
75018,82127,Bd Chapelle / Max Dormoy,06/08/2012
75018,82315,Ordener / Championnet / Vauvenargues,06/22/2012
75018,82473,Ordener / Damrémont,05/11/2012
75018,83922,Poteau / Ruisseau,06/08/2012
75018,86198,Jardin / Lamarck / Cardinal Dubois,06/22/2012
75018,86601,Suzanne Valadon / Funiculaire,09/21/2012
75018,88886,Rond-point Chapelle / Queneau,07/13/2012
75018,91314,Place Hébert,06/08/2012
75018,91735,Bd Barbès / Bd Ornano / Ordener / Boinod,05/04/2012
75018,93698,Bd Ney / Poissonniers,12/14/2012
75018,95960,Boinod / Simplon,04/27/2012
75018,97289,Clignancourt / Custine / Doudeauville,12/07/2012
75018,98320,Place Albert Kahn / Bd Ornano / Championnet / Duhesme / Mont Cenis,09/28/2012
75018,98456,Porte Clignancourt / Francis de Croisset,10/12/2012
75019,10295,"67, Bd Macdonald",04/05/2013
75019,10568,Crimée / Botzaris,02/03/2012
75019,11812,Villette / Cours Septième Art,06/15/2012
75019,12412,Bd Sérurier / Léman / Passage Mauxins,11/09/2012
75019,12770,Ourcq / Léon Giraud,12/28/2012
75019,12969,Archereau / Crimée,08/31/2012
75019,14531,Petitot / Fêtes,03/30/2012
75019,14821,Département / Tanger,05/04/2012
75019,16661,TANGER / RIQUET,01/09/2015
75019,17435,Crimée / Manin,04/27/2012
75019,18837,Corentin Cariou / Quai Gironde,02/22/2013
75019,18897,"85, avenue de Flandre",03/02/2012
75019,18960,Secrétan / Edouard Pailleron,07/27/2012
75019,19067,Botzaris / Fessart,07/06/2012
75019,19074,Toulouse / Ambroise Rendu,08/18/2016
75019,19077,Belleville / Jules Romains,03/23/2017
75019,19078,Bd Villette / Sambre et Meuse,07/13/2017
75019,19079,150 Bd Villette,03/06/2017
75019,19080,Edouard Pailleron / Jean Menans,11/18/2016
75019,19081,Euryale Dehaynin / Tandou,11/30/2016
75019,19082,Gaston Rebuffat / Kabylie,09/16/2016
75019,19083,Maroc / Paul Laurent,12/08/2016
75019,19084,Bellot / Aubervilliers,12/16/2016
75019,19086,Dr Lamaze / Marché Riquet,12/19/2016
75019,19087,Cité des Orgues de Flandre / Porte des Flamands,04/23/2018
75019,19088,Cité des Orgues de Flandre - Sud,12/26/2017
75019,19089,Mathis / Archereau,10/06/2016
75019,19090,Curial / Mathis,04/07/2017
75019,19093,Colette Magny / Bernard Tétu,10/20/2016
75019,19094,Cambrai / Alphonse Karr,09/22/2017
75019,19096,Lounes Matoub / Emile Bollaert,04/25/2018
75019,19097,Césaria Evora / Blanchisserie,Début 2019
75019,19098,Macdonald / Lounes Matoub,07/03/2017
75019,19099,Bd Macdonald / Rosa Parks nord,05/30/2017
75019,19100,RosaPark - Gaston Tessier / Henri Verneuil,09/06/2016
75019,19101,Rampe ouest vers Macdonald / Cesaria Evora,05/30/2017
75019,19103,Macdonald / Quai Gironde,08/17/2016
75019,22853,"90, rue Curial",10/26/2012
75019,22881,Bd Macdonald / Quai Gironde,02/22/2013
75019,25240,Compans / Place des Fêtes,02/17/2012
75019,25856,Flandre / Crimée,09/21/2012
75019,26293,Alsace Lorraine / Gaston Pinot,03/30/2012
75019,27454,"19, rue de Flandre",02/17/2012
75019,28130,Quai de la Marne / Crimée,11/23/2012
75019,32897,"195, Jean Jaurès",05/11/2012
75019,33367,Bd Villette / Secrétan,09/07/2012
75019,34140,Flandre / Argonne,09/14/2012
75019,34611,Bd Sérurier / Périgueux,09/21/2012
75019,34892,Place général Cochet / Bd Sérurier / Manin,07/27/2012
75019,36303,Petit / Sud,12/21/2011
75019,36787,Place Stalingrad / Quai de Seine,02/01/2013
75019,39892,Bd Sérurier / Porte du Pré saint Gervais / Rue des Bois,12/28/2012
75019,40743,Simon Bolivar / Atlas,08/31/2012
75019,40979,Belleville / Lassus,10/19/2012
75019,42264,"15-17, rue Simon Bolivar",05/25/2012
75019,43350,Place Armand Carrel / Manin,06/08/2012
75019,44802,Cambrai / Benjamin Constant,08/31/2012
75019,49339,Simon Bolivar / Botzaris,07/06/2012
75019,50640,Place des Fêtes / Louise Thuliez / Bois / Henri Ribière / Lilas,02/17/2012
75019,51650,Bd Sérurier / David d'Angers / Debidour,08/31/2012
75019,52246,Reberval / Jules Romains,02/17/2012
75019,52383,Place des Fêtes,02/17/2012
75019,53004,Alouettes / Plateau,02/17/2012
75019,54117,Place Rhin et Danube / David d'Angers / Miguel Hidalgo,02/24/2012
75019,55255,Bd Indochine / Porte de Chaumont,02/01/2013
75019,56891,Jean Jaurès / Place de la fontaine aux Lions,05/11/2012
75019,59248,Rue Pierre Reverdy / Square Marcel Mouloudji,06/15/2012
75019,62302,Petit / Georges Auric,01/20/2012
75019,63449,Ourcq / Curial / Crimée,11/02/2012
75019,64319,Jean Jaurès / Laumière,06/08/2012
75019,64554,Secrétan / Meaux,03/23/2012
75019,65172,"Bd Macdonald - Niveau canal Ourcq, entre Géode et Zénith",11/01/2013
75019,66700,Passerelle piétons quai de la Loire vers quai de la Seine,02/15/2013
75019,67376,Jean Jaurès / Armand Carrel,04/27/2012
75019,67387,Simon Bolivar / Belleville / Pyrénées,05/18/2012
75019,68495,Mathurin Moreau / Simon Bolivar,03/23/2012
75019,75203,Jean Jaurès / Adolphe Mille,05/11/2012
75019,75378,Compans / Henri Ribière,02/17/2012
75019,79414,Place Stalingrad / Esplanade,04/27/2012
75019,80712,Place de la porte de Pantin,12/21/2012
75019,83973,5 Cambrai,09/07/2012
75019,84218,Place Skanderbeg,01/11/2013
75019,91563,Place Auguste Baron,12/07/2012
75019,93130,Bd Macdonald / Porte de la Villette,12/28/2012
75019,93586,Place du Maroc,10/12/2012
75019,96016,Nantes / Barbanègre,09/07/2012
75019,96167,Flandre / Riquet,02/17/2012
75019,98269,Manin / Secrétan / Mathurin Moreau,07/27/2012
75019,99808,Solidarité / David d'Angers,04/27/2012
75020,10594,Bd Mortier / Gambetta / Belleville,12/14/2012
75020,11340,"46, rue des Haies",10/19/2012
75020,12735,Louis Lumière / Louis Ganne / Henri Duvernois,10/19/2012
75020,13314,Borrégo / Télégraphe / Devéria,06/22/2012
75020,15491,Pyrénées / Ménilmontant,07/06/2012
75020,16716,"61, rue Saint Blaise",01/09/2015
75020,17129,Tlemcen / Jacques Prévert / Duris,04/27/2012
75020,17153,Place Adjudant Vincenot / Bd Mortier,12/07/2012
75020,17942,Pyrénées / Retrait,06/29/2012
75020,18325,Belleville / Piat,06/01/2012
75020,19342,"6-8, rue Delaporte",11/16/2012
75020,20002,Bagnolet / Balkans,05/23/2017
75020,20008,20 Benoit Frachon,Début 2019
75020,20039,Bagnolet / Orteaux,12/21/2016
75020,20054,Alquier Debrousse / Balkans,12/09/2016
75020,20057,Orteaux / Réunion,03/10/2017
75020,20059,Pyrénées / Vitruve,12/09/2016
75020,20060,St Blaise / Salamandre / Cardeurs,09/22/2016
75020,20063,Saint Blaise / Clos,09/23/2016
75020,20065,Cours Vincennes / Maraichers,09/16/2016
75020,20067,Olivier Métra / Ermitage,12/21/2016
75020,20068,28 Hélène Jakubowicz,12/09/2016
75020,20069,Dury Vasselon / Gagliardini,09/29/2017
75020,20070,Frères Flavien / Dr Gley,04/20/2017
75020,20071,Montiboeufs / Capitaine Ferber,03/15/2017
75020,20075,R.Tourelles / P.Tourelles,08/12/2016
75020,20077,Duris / Cendriers,11/30/2016
75020,20080,Vitruve / Orteaux,03/02/2017
75020,20082,20 Hélène Jakubowicz,12/09/2016
75020,20085,Haies / Josseaume / Providence,04/14/2017
75020,20088,41 Rigoles,01/27/2017
75020,25120,Amandiers / Cendriers,04/27/2012
75020,25289,Bd Ménilmontant / Tlemcen / Spinoza,05/11/2012
75020,25808,Piat / Envierges / Transvaal,02/03/2012
75020,28858,Bd Davout / Avron / Porte de Montreuil,11/09/2012
75020,29554,Place des Grès / Saint Blaise / Vitruve,04/13/2012
75020,32972,Place Martin Nadaud,10/26/2012
75020,34320,Bd Davout / Saint Blaise,12/07/2012
75020,38535,Panoyaux,04/27/2012
75020,39069,Gambetta / Pelleport,06/22/2012
75020,39355,Place de la porte de Montreuil,11/09/2012
75020,42222,Bd Charonne / Montreuil / Avron,06/29/2012
75020,43115,Gambetta / Chine,06/22/2012
75020,45510,Bagnolet / Pyrénées,12/21/2011
75020,46604,Place Gambetta / Avenue Gambetta Ouest,06/22/2012
75020,49681,Pyrénées / Avron,01/18/2013
75020,52440,Place de la porte de Montreuil (Côté Montreuil),11/09/2012
75020,54884,Ménilmontant / Chevreau,06/22/2012
75020,55360,Bd Charonne / Taillebourg / Ormeaux,06/29/2012
75020,58888,Avenue de la porte de Bagnolet / Avenue Ibsen,10/19/2012
75020,65583,Gambetta / Saint Fargeau,08/24/2012
75020,66387,Place de la porte de Bagnolet,11/09/2012
75020,67483,Reynaldo Hahn / Paganini,11/09/2012
75020,69827,Pyrénées / Jourdain,10/05/2012
75020,71190,"19, Bd de Belleville",06/08/2012
75020,71342,Ramponeau / Tourtille,04/27/2012
75020,76059,Ménilmontant / Hélène Jakubowicz,06/29/2012
75020,79980,Olivier Métra / Frédérick Lemaître,10/05/2012
75020,82057,Cours de Vincennes / Bd Charonne,11/16/2012
75020,82954,Place de la Réunion / Rue de la Réunion,10/19/2012
75020,85636,Place du Maquis du Vercos,10/19/2012
75020,88798,Avron / Tolain,03/29/2013
75020,89745,Bisson / Pali-Kao,03/09/2012
75020,90687,Henri Duvernois (Nord),10/26/2012
75020,93792,Julien Lacroix / Couronnes,04/20/2012
75020,98765,Bd Davout / Paganini,12/07/2012
