Firstname	Lastname
Dorsey	Alsop
Arica	Anzaldua
Junita	Atchinson
Jarrod	Avilla
Caleb	Aziz
Sharyl	Barbaro
Raelene	Belle
Marquitta	Bezio
Carmella	Boles
Alia	Boomer
Galen	Boykins
Edwin	Brathwaite
Nakisha	Broe
Anisa	Brundidge
Lynn	Cambra
Basilia	Casavant
Shonta	Cassin
Darcey	Cataldo
Tomas	Charette
Lilian	Cuccia
Bruce	Cummins
Mui	Daring
Joyce	Denzer
Denny	Drone
Signe	Duffy
Christiana	Dusseault
Bobbi	Eckhoff
Daisy	Fabre
Chu	Feinberg
Albertha	Fregoe
Stepanie	Gant
Eric	Garzon
Raymonde	Gaynor
Geraldine	Gibbon
Lashanda	Gilham
Chanelle	Gilliland
Jayna	Good
Skye	Grange
Margarito	Guimond
Leigha	Harp
Regenia	Hartz
Leta	Hatfield
Mel	Hewes
Arlene	Horstmann
Pauletta	Humphery
Sheridan	James
Georgeanna	Janco
Jeff	Jessie
Linh	Kalina
Roslyn	Klingenberg
Leonie	Kramp
Saul	Laperle
Robert	Lauver
Ethyl	Lazar
Margaretta	Leachman
Jerrold	Levron
Han	Loar
Danyell	Luciano
Jeneva	Mahmood
Milissa	Maniscalco
Keiko	Matthew
Robbi	Mccartney
Willie	Mccullah
Iesha	Mcquillan
Coleman	Metheny
Leontine	Minder
Bonny	Mong
Brynn	Nebeker
Onita	Niblett
Maragaret	Ofarrell
Latoyia	Oppenheim
Trista	Phegley
Buster	Pinegar
Paul	Pollitt
Kelle	Porras
Katheleen	Prato
Erasmo	Proffitt
Sondra	Rentz
Jaye	Resch
Branden	Rivera
Emmett	Robare
Alanna	Rockhold
Kyong	Romano
Darrick	Sauls
Grant	Schaaf
Tilda	Schober
Diego	Sedlak
Kevin	Shao
Minh	Sliger
Nadine	Starke
Wilfred	Stoker
Linsey	Stringer
Joselyn	Strope
Annika	Tew
Malena	Twiggs
Shanell	Vanvalkenburg
Dung	Verne
Sherley	Victorian
Dierdre	Whitham
Lacey	Wine
