word	onset	duration
lorsque	0.7	0.3
j'avais	1.05	0.3
six	1.4	0.3
ans,	1.75	0.3
j'ai	2.1	0.3
vu,	2.45	0.3
une	2.8	0.3
fois,	3.15	0.3
une	3.5	0.3
magnifique	3.85	0.3
image,	4.2	0.3
dans	4.55	0.3
un	4.9	0.3
livre	5.25	0.3
sur	5.6	0.3
la	5.95	0.3
forêt	6.3	0.3
vierge	6.65	0.3
qui	7	0.3
s'appelait	7.35	0.3
histoires	7.7	0.3
vécues.	8.05	0.3
ça	8.4	0.3
représentait	8.75	0.3
un	9.1	0.3
serpent	9.45	0.3
boa	9.8	0.3
qui	10.15	0.3
avalait	10.5	0.3
un	10.85	0.3
fauve.	11.2	0.3
voilà	11.55	0.3
la	11.9	0.3
copie	12.25	0.3
du	12.6	0.3
dessin.	12.95	0.3
on	13.65	0.3
disait	14	0.3
dans	14.35	0.3
le	14.7	0.3
livre	15.05	0.3
:	15.4	0.3
"les	15.75	0.3
serpents	16.1	0.3
boas	16.45	0.3
avalent	16.8	0.3
leur	17.15	0.3
proie	17.5	0.3
tout	17.85	0.3
entière,	18.2	0.3
sans	18.55	0.3
la	18.9	0.3
mâcher.	19.25	0.3
ensuite	19.6	0.3
ils	19.95	0.3
ne	20.3	0.3
peuvent	20.65	0.3
plus	21	0.3
bouger	21.35	0.3
et	21.7	0.3
ils	22.05	0.3
dorment	22.4	0.3
pendant	22.75	0.3
les	23.1	0.3
six	23.45	0.3
mois	23.8	0.3
de	24.15	0.3
leur	24.5	0.3
digestion."	24.85	0.3
j'ai	25.55	0.3
alors	25.9	0.3
beaucoup	26.25	0.3
réfléchi	26.6	0.3
sur	26.95	0.3
les	27.3	0.3
aventures	27.65	0.3
de	28	0.3
la	28.35	0.3
jungle	28.7	0.3
et,	29.05	0.3
à	29.4	0.3
mon	29.75	0.3
tour,	30.1	0.3
j'ai	30.45	0.3
réussi,	30.8	0.3
avec	31.15	0.3
un	31.5	0.3
crayon	31.85	0.3
de	32.2	0.3
couleur,	32.55	0.3
à	32.9	0.3
tracer	33.25	0.3
mon	33.6	0.3
premier	33.95	0.3
dessin.	34.3	0.3
mon	34.65	0.3
dessin	35	0.3
numéro	35.35	0.3
1.	35.7	0.3
il	36.05	0.3
était	36.4	0.3
comme	36.75	0.3
ça	37.1	0.3
:	37.45	0.3
j'ai	39.55	0.3
montré	39.9	0.3
mon	40.25	0.3
chef-d'oeuvre	40.6	0.3
aux	40.95	0.3
grandes	41.3	0.3
personnes	41.65	0.3
et	42	0.3
je	42.35	0.3
leur	42.7	0.3
ai	43.05	0.3
demandé	43.4	0.3
si	43.75	0.3
mon	44.1	0.3
dessin	44.45	0.3
leur	44.8	0.3
faisait	45.15	0.3
peur.	45.5	0.3
elles	45.85	0.3
m'ont	46.2	0.3
répondu	46.55	0.3
:	46.9	0.3
"pourquoi	47.25	0.3
un	47.6	0.3
chapeau	47.95	0.3
ferait-il	48.3	0.3
peur?"	48.65	0.3
mon	49	0.3
dessin	49.35	0.3
ne	49.7	0.3
représentait	50.05	0.3
pas	50.4	0.3
un	50.75	0.3
chapeau.	51.1	0.3
il	51.45	0.3
représentait	51.8	0.3
un	52.15	0.3
serpent	52.5	0.3
boa	52.85	0.3
qui	53.2	0.3
digérait	53.55	0.3
un	53.9	0.3
éléphant.	54.25	0.3
j'ai	54.6	0.3
alors	54.95	0.3
dessiné	55.3	0.3
l'intérieur	55.65	0.3
du	56	0.3
serpent	56.35	0.3
boa,	56.7	0.3
afin	57.05	0.3
que	57.4	0.3
les	57.75	0.3
grandes	58.1	0.3
personnes	58.45	0.3
puissent	58.8	0.3
comprendre.	59.15	0.3
elles	59.5	0.3
ont	59.85	0.3
toujours	60.2	0.3
besoin	60.55	0.3
d'explications.	60.9	0.3
mon	61.25	0.3
dessin	61.6	0.3
numéro	61.95	0.3
2	62.3	0.3
était	62.65	0.3
comme	63	0.3
ça	63.35	0.3
:	63.7	0.3
les	66.15	0.3
grandes	66.5	0.3
personnes	66.85	0.3
m'ont	67.2	0.3
conseillé	67.55	0.3
de	67.9	0.3
laisser	68.25	0.3
de	68.6	0.3
côté	68.95	0.3
les	69.3	0.3
dessins	69.65	0.3
de	70	0.3
serpents	70.35	0.3
boas	70.7	0.3
ouverts	71.05	0.3
ou	71.4	0.3
fermés,	71.75	0.3
et	72.1	0.3
de	72.45	0.3
m'intéresser	72.8	0.3
plutôt	73.15	0.3
à	73.5	0.3
la	73.85	0.3
géographie,	74.2	0.3
à	74.55	0.3
l'histoire,	74.9	0.3
au	75.25	0.3
calcul	75.6	0.3
et	75.95	0.3
à	76.3	0.3
la	76.65	0.3
grammaire.	77	0.3
c'est	77.35	0.3
ainsi	77.7	0.3
que	78.05	0.3
j'ai	78.4	0.3
abandonné,	78.75	0.3
à	79.1	0.3
l'âge	79.45	0.3
de	79.8	0.3
six	80.15	0.3
ans,	80.5	0.3
une	80.85	0.3
magnifique	81.2	0.3
carrière	81.55	0.3
de	81.9	0.3
peintre.	82.25	0.3
j'avais	82.6	0.3
été	82.95	0.3
découragé	83.3	0.3
par	83.65	0.3
l'insuccès	84	0.3
de	84.35	0.3
mon	84.7	0.3
dessin	85.05	0.3
numéro	85.4	0.3
1	85.75	0.3
et	86.1	0.3
de	86.45	0.3
mon	86.8	0.3
dessin	87.15	0.3
numéro	87.5	0.3
2.	87.85	0.3
les	88.2	0.3
grandes	88.55	0.3
personnes	88.9	0.3
ne	89.25	0.3
comprennent	89.6	0.3
jamais	89.95	0.3
rien	90.3	0.3
toutes	90.65	0.3
seules,	91	0.3
et	91.35	0.3
c'est	91.7	0.3
fatigant,	92.05	0.3
pour	92.4	0.3
les	92.75	0.3
enfants,	93.1	0.3
de	93.45	0.3
toujours	93.8	0.3
et	94.15	0.3
toujours	94.5	0.3
leur	94.85	0.3
donner	95.2	0.3
des	95.55	0.3
explications...	95.9	0.3
j'ai	96.6	0.3
donc	96.95	0.3
dû	97.3	0.3
choisir	97.65	0.3
un	98	0.3
autre	98.35	0.3
métier	98.7	0.3
et	99.05	0.3
j'ai	99.4	0.3
appris	99.75	0.3
à	100.1	0.3
piloter	100.45	0.3
des	100.8	0.3
avions.	101.15	0.3
j'ai	101.5	0.3
volé	101.85	0.3
un	102.2	0.3
peu	102.55	0.3
partout	102.9	0.3
dans	103.25	0.3
le	103.6	0.3
monde.	103.95	0.3
et	104.3	0.3
la	104.65	0.3
géographie,	105	0.3
c'est	105.35	0.3
exact,	105.7	0.3
m'a	106.05	0.3
beaucoup	106.4	0.3
servi.	106.75	0.3
je	107.1	0.3
savais	107.45	0.3
reconnaître,	107.8	0.3
du	108.15	0.3
premier	108.5	0.3
coup	108.85	0.3
d'oeil,	109.2	0.3
la	109.55	0.3
chine	109.9	0.3
de	110.25	0.3
l'arizona.	110.6	0.3
c'est	110.95	0.3
très	111.3	0.3
utile,	111.65	0.3
si	112	0.3
l'on	112.35	0.3
s'est	112.7	0.3
égaré	113.05	0.3
pendant	113.4	0.3
la	113.75	0.3
nuit.	114.1	0.3
j'ai	114.8	0.3
ainsi	115.15	0.3
eu,	115.5	0.3
au	115.85	0.3
cours	116.2	0.3
de	116.55	0.3
ma	116.9	0.3
vie,	117.25	0.3
des	117.6	0.3
tas	117.95	0.3
de	118.3	0.3
contacts	118.65	0.3
avec	119	0.3
des	119.35	0.3
tas	119.7	0.3
de	120.05	0.3
gens	120.4	0.3
sérieux.	120.75	0.3
j'ai	121.1	0.3
beaucoup	121.45	0.3
vécu	121.8	0.3
chez	122.15	0.3
les	122.5	0.3
grandes	122.85	0.3
personnes.	123.2	0.3
je	123.55	0.3
les	123.9	0.3
ai	124.25	0.3
vues	124.6	0.3
de	124.95	0.3
très	125.3	0.3
près.	125.65	0.3
ça	126	0.3
n'a	126.35	0.3
pas	126.7	0.3
trop	127.05	0.3
amélioré	127.4	0.3
mon	127.75	0.3
opinion.	128.1	0.3
quand	128.8	0.3
j'en	129.15	0.3
rencontrais	129.5	0.3
une	129.85	0.3
qui	130.2	0.3
me	130.55	0.3
paraissait	130.9	0.3
un	131.25	0.3
peu	131.6	0.3
lucide,	131.95	0.3
je	132.3	0.3
faisais	132.65	0.3
l'expérience	133	0.3
sur	133.35	0.3
elle	133.7	0.3
de	134.05	0.3
mon	134.4	0.3
dessin	134.75	0.3
numéro	135.1	0.3
1	135.45	0.3
que	135.8	0.3
j'ai	136.15	0.3
toujours	136.5	0.3
conservé	136.85	0.3
je	137.2	0.3
voulais	137.55	0.3
savoir	137.9	0.3
si	138.25	0.3
elle	138.6	0.3
était	138.95	0.3
vraiment	139.3	0.3
compréhensive.	139.65	0.3
mais	140	0.3
toujours	140.35	0.3
elle	140.7	0.3
me	141.05	0.3
répondait	141.4	0.3
:	141.75	0.3
"c'est	142.1	0.3
un	142.45	0.3
chapeau."	142.8	0.3
alors	143.15	0.3
je	143.5	0.3
ne	143.85	0.3
lui	144.2	0.3
parlais	144.55	0.3
ni	144.9	0.3
de	145.25	0.3
serpents	145.6	0.3
boas,	145.95	0.3
ni	146.3	0.3
de	146.65	0.3
forêts	147	0.3
vierges,	147.35	0.3
ni	147.7	0.3
d'étoiles.	148.05	0.3
je	148.4	0.3
me	148.75	0.3
mettais	149.1	0.3
à	149.45	0.3
sa	149.8	0.3
portée.	150.15	0.3
je	150.5	0.3
lui	150.85	0.3
parlais	151.2	0.3
de	151.55	0.3
bridge,	151.9	0.3
de	152.25	0.3
golf,	152.6	0.3
de	152.95	0.3
politique	153.3	0.3
et	153.65	0.3
de	154	0.3
cravates.	154.35	0.3
et	154.7	0.3
la	155.05	0.3
grande	155.4	0.3
personne	155.75	0.3
était	156.1	0.3
bien	156.45	0.3
contente	156.8	0.3
de	157.15	0.3
connaître	157.5	0.3
un	157.85	0.3
homme	158.2	0.3
aussi	158.55	0.3
raisonnable...	158.9	0.3
j'ai	159.95	0.3
ainsi	160.3	0.3
vécu	160.65	0.3
seul,	161	0.3
sans	161.35	0.3
personne	161.7	0.3
avec	162.05	0.3
qui	162.4	0.3
parler	162.75	0.3
véritablement,	163.1	0.3
jusqu'à	163.45	0.3
une	163.8	0.3
panne	164.15	0.3
dans	164.5	0.3
le	164.85	0.3
désert	165.2	0.3
du	165.55	0.3
sahara,	165.9	0.3
il	166.25	0.3
y	166.6	0.3
a	166.95	0.3
six	167.3	0.3
ans.	167.65	0.3
quelque	168	0.3
chose	168.35	0.3
s'était	168.7	0.3
cassé	169.05	0.3
dans	169.4	0.3
mon	169.75	0.3
moteur.	170.1	0.3
et	170.45	0.3
comme	170.8	0.3
je	171.15	0.3
n'avais	171.5	0.3
avec	171.85	0.3
moi	172.2	0.3
ni	172.55	0.3
mécanicien,	172.9	0.3
ni	173.25	0.3
passagers,	173.6	0.3
je	173.95	0.3
me	174.3	0.3
préparai	174.65	0.3
à	175	0.3
essayer	175.35	0.3
de	175.7	0.3
réussir,	176.05	0.3
tout	176.4	0.3
seul,	176.75	0.3
une	177.1	0.3
réparation	177.45	0.3
difficile.	177.8	0.3
c'était	178.15	0.3
pour	178.5	0.3
moi	178.85	0.3
une	179.2	0.3
question	179.55	0.3
de	179.9	0.3
vie	180.25	0.3
ou	180.6	0.3
de	180.95	0.3
mort.	181.3	0.3
j'avais	181.65	0.3
à	182	0.3
peine	182.35	0.3
de	182.7	0.3
l'eau	183.05	0.3
à	183.4	0.3
boire	183.75	0.3
pour	184.1	0.3
huit	184.45	0.3
jours.	184.8	0.3
le	185.5	0.3
premier	185.85	0.3
soir	186.2	0.3
je	186.55	0.3
me	186.9	0.3
suis	187.25	0.3
donc	187.6	0.3
endormi	187.95	0.3
sur	188.3	0.3
le	188.65	0.3
sable	189	0.3
à	189.35	0.3
mille	189.7	0.3
milles	190.05	0.3
de	190.4	0.3
toute	190.75	0.3
terre	191.1	0.3
habitée.	191.45	0.3
j'étais	191.8	0.3
bien	192.15	0.3
plus	192.5	0.3
isolé	192.85	0.3
qu'un	193.2	0.3
naufragé	193.55	0.3
sur	193.9	0.3
un	194.25	0.3
radeau	194.6	0.3
au	194.95	0.3
milieu	195.3	0.3
de	195.65	0.3
l'océan.	196	0.3
alors	196.35	0.3
vous	196.7	0.3
imaginez	197.05	0.3
ma	197.4	0.3
surprise,	197.75	0.3
au	198.1	0.3
lever	198.45	0.3
du	198.8	0.3
jour,	199.15	0.3
quand	199.5	0.3
une	199.85	0.3
drôle	200.2	0.3
de	200.55	0.3
petite	200.9	0.3
voix	201.25	0.3
m'a	201.6	0.3
réveillé.	201.95	0.3
elle	202.3	0.3
disait	202.65	0.3
:	203	0.3
"s'il	204.05	0.3
vous	204.4	0.3
plaît...	204.75	0.3
dessine-moi	205.1	0.3
un	205.45	0.3
mouton!	205.8	0.3
-	206.5	0.3
hein!	206.85	0.3
-	207.55	0.3
dessine-moi	207.9	0.3
un	208.25	0.3
mouton..."	208.6	0.3
j'ai	209.3	0.3
sauté	209.65	0.3
sur	210	0.3
mes	210.35	0.3
pieds	210.7	0.3
comme	211.05	0.3
si	211.4	0.3
j'avais	211.75	0.3
été	212.1	0.3
frappé	212.45	0.3
par	212.8	0.3
la	213.15	0.3
foudre.	213.5	0.3
j'ai	213.85	0.3
bien	214.2	0.3
frotté	214.55	0.3
mes	214.9	0.3
yeux.	215.25	0.3
j'ai	215.6	0.3
bien	215.95	0.3
regardé.	216.3	0.3
et	216.65	0.3
j'ai	217	0.3
vu	217.35	0.3
un	217.7	0.3
petit	218.05	0.3
bonhomme	218.4	0.3
tout	218.75	0.3
à	219.1	0.3
fait	219.45	0.3
extraordinaire	219.8	0.3
qui	220.15	0.3
me	220.5	0.3
considérait	220.85	0.3
gravement.	221.2	0.3
voilà	221.55	0.3
le	221.9	0.3
meilleur	222.25	0.3
portrait	222.6	0.3
que,	222.95	0.3
plus	223.3	0.3
tard,	223.65	0.3
j'ai	224	0.3
réussi	224.35	0.3
à	224.7	0.3
faire	225.05	0.3
de	225.4	0.3
lui.	225.75	0.3
mais	226.1	0.3
mon	226.45	0.3
dessin,	226.8	0.3
bien	227.15	0.3
sûr,	227.5	0.3
est	227.85	0.3
beaucoup	228.2	0.3
moins	228.55	0.3
ravissant	228.9	0.3
que	229.25	0.3
le	229.6	0.3
modèle.	229.95	0.3
ce	230.3	0.3
n'est	230.65	0.3
pas	231	0.3
ma	231.35	0.3
faute.	231.7	0.3
j'avais	232.05	0.3
été	232.4	0.3
découragé	232.75	0.3
dans	233.1	0.3
ma	233.45	0.3
carrière	233.8	0.3
de	234.15	0.3
peintre	234.5	0.3
par	234.85	0.3
les	235.2	0.3
grandes	235.55	0.3
personnes,	235.9	0.3
à	236.25	0.3
l'âge	236.6	0.3
de	236.95	0.3
six	237.3	0.3
ans,	237.65	0.3
et	238	0.3
je	238.35	0.3
n'avais	238.7	0.3
rien	239.05	0.3
appris	239.4	0.3
à	239.75	0.3
dessiner,	240.1	0.3
sauf	240.45	0.3
les	240.8	0.3
boas	241.15	0.3
fermés	241.5	0.3
et	241.85	0.3
les	242.2	0.3
boas	242.55	0.3
ouverts.	242.9	0.3
je	243.6	0.3
regardai	243.95	0.3
donc	244.3	0.3
cette	244.65	0.3
apparition	245	0.3
avec	245.35	0.3
des	245.7	0.3
yeux	246.05	0.3
tout	246.4	0.3
ronds	246.75	0.3
d'étonnement.	247.1	0.3
n'oubliez	247.45	0.3
pas	247.8	0.3
que	248.15	0.3
je	248.5	0.3
me	248.85	0.3
trouvais	249.2	0.3
à	249.55	0.3
mille	249.9	0.3
milles	250.25	0.3
de	250.6	0.3
toute	250.95	0.3
région	251.3	0.3
habitée.	251.65	0.3
or	252	0.3
mon	252.35	0.3
petit	252.7	0.3
bonhomme	253.05	0.3
ne	253.4	0.3
me	253.75	0.3
semblait	254.1	0.3
ni	254.45	0.3
égaré,	254.8	0.3
ni	255.15	0.3
mort	255.5	0.3
de	255.85	0.3
fatigue,	256.2	0.3
ni	256.55	0.3
mort	256.9	0.3
de	257.25	0.3
faim,	257.6	0.3
ni	257.95	0.3
mort	258.3	0.3
de	258.65	0.3
soif,	259	0.3
ni	259.35	0.3
mort	259.7	0.3
de	260.05	0.3
peur.	260.4	0.3
il	260.75	0.3
n'avait	261.1	0.3
en	261.45	0.3
rien	261.8	0.3
l'apparence	262.15	0.3
d'un	262.5	0.3
enfant	262.85	0.3
perdu	263.2	0.3
au	263.55	0.3
milieu	263.9	0.3
du	264.25	0.3
désert,	264.6	0.3
à	264.95	0.3
mille	265.3	0.3
milles	265.65	0.3
de	266	0.3
toute	266.35	0.3
région	266.7	0.3
habitée.	267.05	0.3
quand	267.4	0.3
je	267.75	0.3
réussis	268.1	0.3
enfin	268.45	0.3
à	268.8	0.3
parler,	269.15	0.3
je	269.5	0.3
lui	269.85	0.3
dis:	270.2	0.3
"mais...	270.9	0.3
qu'est-ce	271.25	0.3
que	271.6	0.3
tu	271.95	0.3
fais	272.3	0.3
là?"	272.65	0.3
et	273.35	0.3
il	273.7	0.3
me	274.05	0.3
répéta	274.4	0.3
alors,	274.75	0.3
tout	275.1	0.3
doucement,	275.45	0.3
comme	275.8	0.3
une	276.15	0.3
chose	276.5	0.3
très	276.85	0.3
sérieuse	277.2	0.3
:	277.55	0.3
"s'il	278.25	0.3
vous	278.6	0.3
plaît...	278.95	0.3
dessine-moi	279.3	0.3
un	279.65	0.3
mouton..."	280	0.3
quand	280.7	0.3
le	281.05	0.3
mystère	281.4	0.3
est	281.75	0.3
trop	282.1	0.3
impressionnant,	282.45	0.3
on	282.8	0.3
n'ose	283.15	0.3
pas	283.5	0.3
désobéir.	283.85	0.3
aussi	284.2	0.3
absurde	284.55	0.3
que	284.9	0.3
cela	285.25	0.3
me	285.6	0.3
semblât	285.95	0.3
à	286.3	0.3
mille	286.65	0.3
milles	287	0.3
de	287.35	0.3
tous	287.7	0.3
les	288.05	0.3
endroits	288.4	0.3
habités	288.75	0.3
et	289.1	0.3
en	289.45	0.3
danger	289.8	0.3
de	290.15	0.3
mort,	290.5	0.3
je	290.85	0.3
sortis	291.2	0.3
de	291.55	0.3
ma	291.9	0.3
poche	292.25	0.3
une	292.6	0.3
feuille	292.95	0.3
de	293.3	0.3
papier	293.65	0.3
et	294	0.3
un	294.35	0.3
stylographe.	294.7	0.3
mais	295.05	0.3
je	295.4	0.3
me	295.75	0.3
rappelai	296.1	0.3
alors	296.45	0.3
que	296.8	0.3
j'avais	297.15	0.3
surtout	297.5	0.3
étudié	297.85	0.3
la	298.2	0.3
géographie,	298.55	0.3
l'histoire,	298.9	0.3
le	299.25	0.3
calcul	299.6	0.3
et	299.95	0.3
la	300.3	0.3
grammaire	300.65	0.3
et	301	0.3
je	301.35	0.3
dis	301.7	0.3
au	302.05	0.3
petit	302.4	0.3
bonhomme	302.75	0.3
avec	303.1	0.3
un	303.45	0.3
peu	303.8	0.3
de	304.15	0.3
mauvaise	304.5	0.3
humeur	304.85	0.3
que	305.2	0.3
je	305.55	0.3
ne	305.9	0.3
savais	306.25	0.3
pas	306.6	0.3
dessiner.	306.95	0.3
il	307.3	0.3
me	307.65	0.3
répondit	308	0.3
:	308.35	0.3
"ça	309.05	0.3
ne	309.4	0.3
fait	309.75	0.3
rien.	310.1	0.3
dessine-moi	310.45	0.3
un	310.8	0.3
mouton."	311.15	0.3
comme	313.95	0.3
je	314.3	0.3
n'avais	314.65	0.3
jamais	315	0.3
dessiné	315.35	0.3
un	315.7	0.3
mouton	316.05	0.3
je	316.4	0.3
refis,	316.75	0.3
pour	317.1	0.3
lui,	317.45	0.3
l'un	317.8	0.3
des	318.15	0.3
deux	318.5	0.3
seuls	318.85	0.3
dessins	319.2	0.3
dont	319.55	0.3
j'étais	319.9	0.3
capable.	320.25	0.3
celui	320.6	0.3
du	320.95	0.3
boa	321.3	0.3
fermé.	321.65	0.3
et	322	0.3
je	322.35	0.3
fus	322.7	0.3
stupéfait	323.05	0.3
d'entendre	323.4	0.3
le	323.75	0.3
petit	324.1	0.3
bonhomme	324.45	0.3
me	324.8	0.3
répondre	325.15	0.3
:	325.5	0.3
"non!	325.85	0.3
non!	326.2	0.3
je	326.55	0.3
ne	326.9	0.3
veux	327.25	0.3
pas	327.6	0.3
d'un	327.95	0.3
éléphant	328.3	0.3
dans	328.65	0.3
un	329	0.3
boa.	329.35	0.3
un	329.7	0.3
boa	330.05	0.3
c'est	330.4	0.3
très	330.75	0.3
dangereux,	331.1	0.3
et	331.45	0.3
un	331.8	0.3
éléphant	332.15	0.3
c'est	332.5	0.3
très	332.85	0.3
encombrant.	333.2	0.3
chez	333.55	0.3
moi	333.9	0.3
c'est	334.25	0.3
tout	334.6	0.3
petit.	334.95	0.3
j'ai	335.3	0.3
besoin	335.65	0.3
d'un	336	0.3
mouton.	336.35	0.3
dessine-moi	336.7	0.3
un	337.05	0.3
mouton."	337.4	0.3
alors	338.1	0.3
j'ai	338.45	0.3
dessiné.	338.8	0.3
il	339.15	0.3
regarda	339.5	0.3
attentivement,	339.85	0.3
puis	340.2	0.3
:	340.55	0.3
"non!	340.9	0.3
celui-là	341.25	0.3
est	341.6	0.3
très	341.95	0.3
malade.	342.3	0.3
fais-en	342.65	0.3
un	343	0.3
autre."	343.35	0.3
je	343.7	0.3
dessinai	344.05	0.3
:	344.4	0.3
mon	344.75	0.3
ami	345.1	0.3
sourit	345.45	0.3
gentiment,	345.8	0.3
avec	346.15	0.3
indulgence	346.5	0.3
:	346.85	0.3
"tu	348.95	0.3
vois	349.3	0.3
bien...	349.65	0.3
ce	350	0.3
n'est	350.35	0.3
pas	350.7	0.3
un	351.05	0.3
mouton,	351.4	0.3
c'est	351.75	0.3
un	352.1	0.3
bélier.	352.45	0.3
il	352.8	0.3
a	353.15	0.3
des	353.5	0.3
cornes..."	353.85	0.3
je	354.2	0.3
refis	354.55	0.3
donc	354.9	0.3
encore	355.25	0.3
mon	355.6	0.3
dessin	355.95	0.3
:	356.3	0.3
mais	356.65	0.3
il	357	0.3
fut	357.35	0.3
refusé,	357.7	0.3
comme	358.05	0.3
les	358.4	0.3
précédents	358.75	0.3
:	359.1	0.3
"celui-là	359.45	0.3
est	359.8	0.3
trop	360.15	0.3
vieux.	360.5	0.3
je	360.85	0.3
veux	361.2	0.3
un	361.55	0.3
mouton	361.9	0.3
qui	362.25	0.3
vive	362.6	0.3
longtemps."	362.95	0.3
alors,	365.05	0.3
faute	365.4	0.3
de	365.75	0.3
patience,	366.1	0.3
comme	366.45	0.3
j'avais	366.8	0.3
hâte	367.15	0.3
de	367.5	0.3
commencer	367.85	0.3
le	368.2	0.3
démontage	368.55	0.3
de	368.9	0.3
mon	369.25	0.3
moteur,	369.6	0.3
je	369.95	0.3
griffonnai	370.3	0.3
ce	370.65	0.3
dessin-ci	371	0.3
:	371.35	0.3
et	373.8	0.3
je	374.15	0.3
lançai	374.5	0.3
:	374.85	0.3
"ça	375.2	0.3
c'est	375.55	0.3
la	375.9	0.3
caisse.	376.25	0.3
le	376.6	0.3
mouton	376.95	0.3
que	377.3	0.3
tu	377.65	0.3
veux	378	0.3
est	378.35	0.3
dedans."	378.7	0.3
mais	379.05	0.3
je	379.4	0.3
fus	379.75	0.3
bien	380.1	0.3
surpris	380.45	0.3
de	380.8	0.3
voir	381.15	0.3
s'illuminer	381.5	0.3
le	381.85	0.3
visage	382.2	0.3
de	382.55	0.3
mon	382.9	0.3
jeune	383.25	0.3
juge	383.6	0.3
:	383.95	0.3
"c'est	384.3	0.3
tout	384.65	0.3
a	385	0.3
fait	385.35	0.3
comme	385.7	0.3
ça	386.05	0.3
que	386.4	0.3
je	386.75	0.3
le	387.1	0.3
voulais!	387.45	0.3
crois-tu	387.8	0.3
qu'il	388.15	0.3
faille	388.5	0.3
beaucoup	388.85	0.3
d'herbe	389.2	0.3
à	389.55	0.3
ce	389.9	0.3
mouton?	390.25	0.3
-	390.95	0.3
pourquoi?	391.3	0.3
-	392	0.3
parce	392.35	0.3
que	392.7	0.3
chez	393.05	0.3
moi	393.4	0.3
c'est	393.75	0.3
tout	394.1	0.3
petit...	394.45	0.3
-	395.15	0.3
ça	395.5	0.3
suffira	395.85	0.3
sûrement.	396.2	0.3
je	396.55	0.3
t'ai	396.9	0.3
donné	397.25	0.3
un	397.6	0.3
tout	397.95	0.3
petit	398.3	0.3
mouton."	398.65	0.3
il	399.35	0.3
pencha	399.7	0.3
la	400.05	0.3
tête	400.4	0.3
vers	400.75	0.3
le	401.1	0.3
dessin	401.45	0.3
:	401.8	0.3
"pas	402.15	0.3
si	402.5	0.3
petit	402.85	0.3
que	403.2	0.3
ça...	403.55	0.3
tiens!	403.9	0.3
il	404.25	0.3
s'est	404.6	0.3
endormi..."	404.95	0.3
et	405.65	0.3
c'est	406	0.3
ainsi	406.35	0.3
que	406.7	0.3
je	407.05	0.3
fis	407.4	0.3
la	407.75	0.3
connaissance	408.1	0.3
du	408.45	0.3
petit	408.8	0.3
prince.	409.15	0.3
il	410.55	0.3
me	410.9	0.3
fallut	411.25	0.3
longtemps	411.6	0.3
pour	411.95	0.3
comprendre	412.3	0.3
d'où	412.65	0.3
il	413	0.3
venait.	413.35	0.3
le	413.7	0.3
petit	414.05	0.3
prince,	414.4	0.3
qui	414.75	0.3
me	415.1	0.3
posait	415.45	0.3
beaucoup	415.8	0.3
de	416.15	0.3
questions,	416.5	0.3
ne	416.85	0.3
semblait	417.2	0.3
jamais	417.55	0.3
entendre	417.9	0.3
les	418.25	0.3
miennes.	418.6	0.3
ce	418.95	0.3
sont	419.3	0.3
des	419.65	0.3
mots	420	0.3
prononcés	420.35	0.3
par	420.7	0.3
hasard	421.05	0.3
qui,	421.4	0.3
peu	421.75	0.3
à	422.1	0.3
peu,	422.45	0.3
m'ont	422.8	0.3
tout	423.15	0.3
révélé.	423.5	0.3
ainsi,	423.85	0.3
quand	424.2	0.3
il	424.55	0.3
aperçut	424.9	0.3
pour	425.25	0.3
la	425.6	0.3
première	425.95	0.3
fois	426.3	0.3
mon	426.65	0.3
avion,	427	0.3
je	427.35	0.3
ne	427.7	0.3
dessinerai	428.05	0.3
pas	428.4	0.3
mon	428.75	0.3
avion,	429.1	0.3
c'est	429.45	0.3
un	429.8	0.3
dessin	430.15	0.3
beaucoup	430.5	0.3
trop	430.85	0.3
compliqué	431.2	0.3
pour	431.55	0.3
moi,	431.9	0.3
il	432.25	0.3
me	432.6	0.3
demanda	432.95	0.3
:	433.3	0.3
"qu'est-ce	435.4	0.3
que	435.75	0.3
c'est	436.1	0.3
que	436.45	0.3
cette	436.8	0.3
chose-là?	437.15	0.3
-	437.85	0.3
ce	438.2	0.3
n'est	438.55	0.3
pas	438.9	0.3
une	439.25	0.3
chose.	439.6	0.3
ça	439.95	0.3
vole.	440.3	0.3
c'est	440.65	0.3
un	441	0.3
avion.	441.35	0.3
c'est	441.7	0.3
mon	442.05	0.3
avion."	442.4	0.3
et	443.1	0.3
j'étais	443.45	0.3
fier	443.8	0.3
de	444.15	0.3
lui	444.5	0.3
apprendre	444.85	0.3
que	445.2	0.3
je	445.55	0.3
volais.	445.9	0.3
alors	446.25	0.3
il	446.6	0.3
s'écria	446.95	0.3
:	447.3	0.3
"comment!	448	0.3
tu	448.35	0.3
es	448.7	0.3
tombé	449.05	0.3
du	449.4	0.3
ciel!	449.75	0.3
-	450.8	0.3
oui,	451.15	0.3
fis-je	451.5	0.3
modestement.	451.85	0.3
-	452.55	0.3
ah!	452.9	0.3
ça	453.25	0.3
c'est	453.6	0.3
drôle!..."	453.95	0.3
et	454.65	0.3
le	455	0.3
petit	455.35	0.3
prince	455.7	0.3
eut	456.05	0.3
un	456.4	0.3
très	456.75	0.3
joli	457.1	0.3
éclat	457.45	0.3
de	457.8	0.3
rire	458.15	0.3
qui	458.5	0.3
m'irrita	458.85	0.3
beaucoup.	459.2	0.3
je	459.55	0.3
désire	459.9	0.3
que	460.25	0.3
l'on	460.6	0.3
prenne	460.95	0.3
mes	461.3	0.3
malheurs	461.65	0.3
au	462	0.3
sérieux.	462.35	0.3
puis	462.7	0.3
il	463.05	0.3
ajouta	463.4	0.3
:	463.75	0.3
"alors,	464.1	0.3
toi	464.45	0.3
aussi	464.8	0.3
tu	465.15	0.3
viens	465.5	0.3
du	465.85	0.3
ciel!	466.2	0.3
de	466.55	0.3
quelle	466.9	0.3
planète	467.25	0.3
es-tu?"	467.6	0.3
j'entrevis	468.3	0.3
aussitôt	468.65	0.3
une	469	0.3
lueur,	469.35	0.3
dans	469.7	0.3
le	470.05	0.3
mystère	470.4	0.3
de	470.75	0.3
sa	471.1	0.3
présence,	471.45	0.3
et	471.8	0.3
j'interrogeai	472.15	0.3
brusquement	472.5	0.3
:	472.85	0.3
"tu	473.55	0.3
viens	473.9	0.3
donc	474.25	0.3
d'une	474.6	0.3
autre	474.95	0.3
planète?"	475.3	0.3
mais	476	0.3
il	476.35	0.3
ne	476.7	0.3
me	477.05	0.3
répondit	477.4	0.3
pas.	477.75	0.3
il	478.1	0.3
hochait	478.45	0.3
la	478.8	0.3
tête	479.15	0.3
doucement	479.5	0.3
tout	479.85	0.3
en	480.2	0.3
regardant	480.55	0.3
mon	480.9	0.3
avion	481.25	0.3
:	481.6	0.3
"c'est	482.3	0.3
vrai	482.65	0.3
que,	483	0.3
là-dessus,	483.35	0.3
tu	483.7	0.3
ne	484.05	0.3
peux	484.4	0.3
pas	484.75	0.3
venir	485.1	0.3
de	485.45	0.3
bien	485.8	0.3
loin..."	486.15	0.3
et	486.85	0.3
il	487.2	0.3
s'enfonça	487.55	0.3
dans	487.9	0.3
une	488.25	0.3
rêverie	488.6	0.3
qui	488.95	0.3
dura	489.3	0.3
longtemps.	489.65	0.3
puis,	490	0.3
sortant	490.35	0.3
mon	490.7	0.3
mouton	491.05	0.3
de	491.4	0.3
sa	491.75	0.3
poche,	492.1	0.3
il	492.45	0.3
se	492.8	0.3
plongea	493.15	0.3
dans	493.5	0.3
la	493.85	0.3
contemplation	494.2	0.3
de	494.55	0.3
son	494.9	0.3
trésor.	495.25	0.3
vous	496.3	0.3
imaginez	496.65	0.3
combien	497	0.3
j'avais	497.35	0.3
pu	497.7	0.3
être	498.05	0.3
intrigué	498.4	0.3
par	498.75	0.3
cette	499.1	0.3
demi-confidence	499.45	0.3
sur	499.8	0.3
"les	500.15	0.3
autres	500.5	0.3
planètes".	500.85	0.3
je	501.2	0.3
m'efforçai	501.55	0.3
donc	501.9	0.3
d'en	502.25	0.3
savoir	502.6	0.3
plus	502.95	0.3
long	503.3	0.3
:	503.65	0.3
"d'où	504.35	0.3
viens-tu,	504.7	0.3
mon	505.05	0.3
petit	505.4	0.3
bonhomme?	505.75	0.3
où	506.1	0.3
est-ce	506.45	0.3
"chez	506.8	0.3
toi"?	507.15	0.3
où	507.5	0.3
veux-tu	507.85	0.3
emporter	508.2	0.3
mon	508.55	0.3
mouton?"	508.9	0.3
il	509.6	0.3
me	509.95	0.3
répondit	510.3	0.3
après	510.65	0.3
un	511	0.3
silence	511.35	0.3
méditatif	511.7	0.3
:	512.05	0.3
"ce	512.4	0.3
qui	512.75	0.3
est	513.1	0.3
bien,	513.45	0.3
avec	513.8	0.3
la	514.15	0.3
caisse	514.5	0.3
que	514.85	0.3
tu	515.2	0.3
m'as	515.55	0.3
donnée,	515.9	0.3
c'est	516.25	0.3
que,	516.6	0.3
la	516.95	0.3
nuit,	517.3	0.3
ça	517.65	0.3
lui	518	0.3
servira	518.35	0.3
de	518.7	0.3
maison.	519.05	0.3
-	519.75	0.3
bien	520.1	0.3
sûr.	520.45	0.3
et	520.8	0.3
si	521.15	0.3
tu	521.5	0.3
es	521.85	0.3
gentil,	522.2	0.3
je	522.55	0.3
te	522.9	0.3
donnerai	523.25	0.3
aussi	523.6	0.3
une	523.95	0.3
corde	524.3	0.3
pour	524.65	0.3
l'attacher	525	0.3
pendant	525.35	0.3
le	525.7	0.3
jour.	526.05	0.3
et	526.4	0.3
un	526.75	0.3
piquet."	527.1	0.3
la	527.8	0.3
proposition	528.15	0.3
parut	528.5	0.3
choquer	528.85	0.3
le	529.2	0.3
petit	529.55	0.3
prince	529.9	0.3
:	530.25	0.3
"l'attacher?	530.95	0.3
quelle	531.3	0.3
drôle	531.65	0.3
d'idée!	532	0.3
-	532.7	0.3
mais	533.05	0.3
si	533.4	0.3
tu	533.75	0.3
ne	534.1	0.3
l'attaches	534.45	0.3
pas,	534.8	0.3
il	535.15	0.3
ira	535.5	0.3
n'importe	535.85	0.3
où,	536.2	0.3
et	536.55	0.3
il	536.9	0.3
se	537.25	0.3
perdra."	537.6	0.3
et	538.3	0.3
mon	538.65	0.3
ami	539	0.3
eut	539.35	0.3
un	539.7	0.3
nouvel	540.05	0.3
éclat	540.4	0.3
de	540.75	0.3
rire	541.1	0.3
:	541.45	0.3
"mais	543.2	0.3
où	543.55	0.3
veux-tu	543.9	0.3
qu'il	544.25	0.3
aille!	544.6	0.3
-	545.3	0.3
n'importe	545.65	0.3
où.	546	0.3
droit	546.35	0.3
devant	546.7	0.3
lui..."	547.05	0.3
alors	547.75	0.3
le	548.1	0.3
petit	548.45	0.3
prince	548.8	0.3
remarqua	549.15	0.3
gravement	549.5	0.3
:	549.85	0.3
"ça	550.55	0.3
ne	550.9	0.3
fait	551.25	0.3
rien,	551.6	0.3
c'est	551.95	0.3
tellement	552.3	0.3
petit,	552.65	0.3
chez	553	0.3
moi!"	553.35	0.3
et,	554.05	0.3
avec	554.4	0.3
un	554.75	0.3
peu	555.1	0.3
de	555.45	0.3
mélancolie,	555.8	0.3
peut-être,	556.15	0.3
il	556.5	0.3
ajouta	556.85	0.3
:	557.2	0.3
"droit	557.9	0.3
devant	558.25	0.3
soi	558.6	0.3
on	558.95	0.3
ne	559.3	0.3
peut	559.65	0.3
pas	560	0.3
aller	560.35	0.3
bien	560.7	0.3
loin..."	561.05	0.3
